title,start_date,start_time,end_date,end_time,is_all_day,summary,description,location,tags,categories,image,image_alt,is_starred,status,is_canceled,is_online,online_type,online_url,online_button_label,online_instructions,cost,related_content,has_registration,registrations_received
Welcome Back Kickoff,03/02/2026,11:00 AM,03/02/2026,1:00 PM,,"Kick off the semester with food, music, and giveaways on the quad.","<p>Join us on the quad for the semester kickoff celebration. Free food, live music, and giveaways all afternoon.</p>",Main Quad,Student Event|Undergraduate,Open to the Public|Student Organizations,element5-digital-jCIMcOpFHig-unsplash.jpg,Students gathered together outdoors,1,1,,,,,,,Free,,,
Academic Advising Walk-In Hours,03/02/2026,,03/02/2026,,1,"Drop by for help planning next term's schedule, no appointment needed.","<p>Advisors are available all day for walk-in questions about course selection, degree requirements, and registration holds.</p>",Advising Center,Undergraduate|Graduate,Academic Calendar,,,,1,,,,,,,,,,
Financial Aid Info Session,03/02/2026,2:00 PM,03/02/2026,3:00 PM,,Learn how to read your aid package and plan for next year.,"<p>Financial aid staff walk through award letters, work-study, and how to appeal or update a financial aid package.</p>","Student Union, Room 210",Seminar,Academic Events,eliott-reyna-jCEpN62oWL4-unsplash.jpg,Speaker presenting to an audience,,1,,,,,,,,,,
Guest Lecture: Climate Futures,03/03/2026,4:00 PM,03/03/2026,5:30 PM,,A visiting scholar discusses climate adaptation strategies for coastal cities.,"<p>Dr. Elena Marsh presents recent research on climate adaptation strategies for coastal cities, followed by Q&amp;A.</p>","Science Hall, Room 204",Lecture,Academic Events,javier-trueba-iQPr1XkF5F0-unsplash.jpg,Speaker presenting to an audience,,1,,1,2,https://example.edu/webconference/climate-futures,Join Webconference,Link goes live 10 minutes before start.,,,1,"[{""firstname"": ""Priya"", ""lastname"": ""Anand"", ""email"": ""priya.anand@example.edu"", ""attending"": 1}, {""firstname"": ""Marcus"", ""lastname"": ""Webb"", ""email"": ""marcus.webb@example.edu"", ""attending"": 1, ""comments_by_registrant"": ""Will this be recorded for those who can't make it?""}, {""firstname"": ""Dana"", ""lastname"": ""Okafor"", ""email"": ""dana.okafor@example.edu"", ""attending"": 1, ""comments_by_registrant"": ""Looking forward to this!""}, {""firstname"": ""Sam"", ""lastname"": ""Rivera"", ""email"": ""sam.rivera@example.edu"", ""attending"": 1, ""is_waitlisted"": 1}]"
Intramural Volleyball Open Play,03/03/2026,6:00 PM,03/03/2026,8:00 PM,,"Drop-in volleyball, no team or sign-up required.","<p>Open gym volleyball for all skill levels. Balls and nets provided, just bring athletic shoes.</p>","Recreation Center, Court 2",Volleyball,Athletics,taiki-ishikawa-ZKFNj-Hc2Q0-unsplash.jpg,Volleyball players competing on the court,,1,,,,,,,,,,
Last Day to Add/Drop Courses,03/04/2026,,03/04/2026,,1,Final day to add or drop a course without a transcript notation.,<p>Schedule changes submitted after 11:59pm today will require instructor and advisor approval.</p>,Registrar's Office,,Dates & Deadlines,,,,1,,,,,,,,,,
Women's Basketball vs. Riverdale State,03/04/2026,7:00 PM,03/04/2026,9:00 PM,,Conference matchup against Riverdale State.,<p>Come support the team as they take on Riverdale State in a key conference matchup.</p>,Fieldhouse Arena,Basketball|Women's Sports,Athletics,hannah-gibbs-WOC-DFTx8IY-unsplash.jpg,Basketball players competing on the court,,1,,,,,,,Free,,,
Career Fair Prep Workshop,03/04/2026,1:00 PM,03/04/2026,2:00 PM,,Get resume and elevator-pitch ready ahead of next week's career fair.,<p>Career services staff review resumes and run through quick mock introductions before the career fair.</p>,Career Services Suite,Service,Community Outreach,joshua-hoehne-iggWDxHTAUQ-unsplash.jpg,Students working together at a table,,1,,,,,,,,,,
Men's Football vs. Eastbrook,03/05/2026,6:00 PM,03/05/2026,8:00 PM,,Non-conference matchup under the lights.,<p>An evening non-conference matchup against Eastbrook on the home field.</p>,"Athletics Complex, Football Field",Football|Men's Sports,Athletics,riley-mccullough-iezcEpGuYdE-unsplash.jpg,Football players competing on the field,,1,,,,,,,Free,,,
Open Mic Night,03/05/2026,8:00 PM,03/05/2026,10:00 PM,,"Sign up to share music, poetry, or comedy.","<p>Sign-ups start at 7:30pm. All performance types welcome, five-minute sets.</p>",The Underground Coffeehouse,Student Event,Student Organizations,matthew-jungling-l3abtqeY38E-unsplash.jpg,Person performing on a small stage,,1,,,,,,,Free,,,
Student Art Exhibit Opening,03/06/2026,,03/06/2026,,1,Opening reception for the annual juried student art exhibit.,<p>Celebrate this year's juried student art exhibit with an opening reception featuring light refreshments.</p>,Fine Arts Gallery,Reception,Open to the Public|Academic Events,markus-spiske-RmvlD0oTsAo-unsplash.jpg,Framed artwork on display,,2,,,,,,,Free,,,
Study Abroad Fair,03/06/2026,11:00 AM,03/06/2026,2:00 PM,,Meet program representatives from over 20 countries.,<p>Talk with returning students and partner program representatives about semester and summer study abroad options.</p>,Student Union Ballroom,Symposium,Academic Events,atikh-bana-Ycds6emp7BA-unsplash.jpg,Tables set up for an information fair,,1,,,,,,,,,,
Men's Basketball vs. Cedar Ridge,03/06/2026,7:00 PM,03/06/2026,9:00 PM,,Rivalry night against Cedar Ridge.,"<p>A rivalry matchup against Cedar Ridge, with a student section giveaway at halftime.</p>",Fieldhouse Arena,Basketball|Men's Sports,Athletics,logan-weaver-lgnwvr-xtPs2_MlPYc-unsplash.jpg,Basketball players competing on the court,,1,,,,,,,Free,,,
Weekend Volunteer Cleanup Day,03/07/2026,,03/07/2026,,1,Help clean up the trail along the river.,"<p>Gloves, bags, and tools provided. Meet at the trailhead; all are welcome, no sign-up required.</p>",Riverside Trailhead,Volunteering,Community Outreach,matt-ragland-02z1I7gv4ao-unsplash.jpg,Volunteers working outdoors together,,1,,,,,,,Free,,,
Track & Field Invitational,03/07/2026,10:00 AM,03/07/2026,2:00 PM,,Season-opening invitational meet.,<p>The season-opening invitational brings in teams from across the region for a full day of events.</p>,Track & Field Complex,Track & Field,Athletics,braden-collum-9HI8UJMSdZA-unsplash.jpg,Runners competing on a track,,1,,,,,,,Free,,,
Community Service Day: Campus Beautification,03/08/2026,9:00 AM,03/08/2026,12:00 PM,,Planting and light landscaping across campus.,<p>Join facilities staff for a morning of planting and light landscaping around the main quad.</p>,Main Quad,Service|Volunteering,Community Outreach,logan-kuzyk-V3OYOpmY2Vk-unsplash.jpg,Volunteers planting flowers outdoors,,1,,,,,,,Free,,,
Guest Lecture: Ethics in AI,03/09/2026,4:00 PM,03/09/2026,5:30 PM,,A philosophy department speaker series event on emerging AI ethics questions.,"<p>Part of the philosophy department's speaker series, this talk explores emerging ethical questions in AI development.</p>","Humanities Building, Room 110",Lecture|Panel,Open to the Public|Academic Events,igor-omilaev-gVQLAbGVB6Q-unsplash.jpg,Speaker presenting to an audience,,1,,,,,,,,,,
Club Fair,03/09/2026,12:00 PM,03/09/2026,3:00 PM,,Browse and sign up for over 80 student organizations.,<p>Representatives from more than 80 registered student organizations table on the quad; sign up on the spot.</p>,Main Quad,Student Event|Undergraduate,Student Organizations,mikael-kristenson-3aVlWP-7bg8-unsplash.jpg,Tables set up for a student organization fair,,1,,,,,,,Free,,,
Spring Career Fair,03/10/2026,10:00 AM,03/10/2026,3:00 PM,,Meet recruiters from over 60 employers across industries.,<p>Connect with recruiters from over 60 employers. Bring copies of your resume and dress professionally.</p>,Student Union Ballroom,Service,Open to the Public|Community Outreach,product-school-5H0p6JPUHbI-unsplash.jpg,Students in conversation around a table,1,1,,,,,,,,,1,"[{""firstname"": ""Jordan"", ""lastname"": ""Lee"", ""email"": ""jordan.lee@example.edu"", ""attending"": 1, ""status"": 1}, {""firstname"": ""Aisha"", ""lastname"": ""Bello"", ""email"": ""aisha.bello@example.edu"", ""attending"": 1}]"
Chamber Music Recital,03/10/2026,7:00 PM,03/10/2026,8:15 PM,,An evening of chamber music performed by music department students.,<p>Music department students perform a program of chamber works spanning three centuries.</p>,Recital Hall,Music,Open to the Public|Performances,larisa-birta-slbOcNlWNHA-unsplash.jpg,Musicians performing on stage,,1,,,,,,,$5 suggested donation,,,
Women's Volleyball vs. Lakeside,03/10/2026,6:00 PM,03/10/2026,8:00 PM,,Conference matchup against Lakeside.,"<p>A conference matchup against Lakeside, with a postgame meet-the-team session.</p>",Fieldhouse Arena,Volleyball|Women's Sports,Athletics,taiki-ishikawa-ZKFNj-Hc2Q0-unsplash.jpg,Volleyball players competing on the court,,1,,,,,,,Free,,,
Resume Workshop,03/11/2026,2:00 PM,03/11/2026,3:30 PM,,Hands-on workshop to polish your resume before the career fair.,<p>Bring a draft of your resume for hands-on feedback from career services staff.</p>,Career Services Suite,Seminar,Academic Events,mimi-thian-vdXMSiX-n6M-unsplash.jpg,Person reviewing documents at a desk,,1,,1,1,https://example.edu/webconference/resume-workshop,Join Online,,,,1,"[{""firstname"": ""Kayla"", ""lastname"": ""Nguyen"", ""email"": ""kayla.nguyen@example.edu"", ""attending"": 1}, {""firstname"": ""Owen"", ""lastname"": ""Fitzgerald"", ""email"": ""owen.fitzgerald@example.edu"", ""attending"": 0, ""is_cancelled"": 1, ""comments_by_registrant"": ""Something came up, sorry!""}]"
Meditation & Mindfulness Session,03/11/2026,12:00 PM,03/11/2026,1:00 PM,,A guided midday break to reset before afternoon classes.,"<p>A guided drop-in session led by the wellness center. Mats provided, no experience necessary.</p>",Wellness Center Studio,Wellness,Community Outreach,naassom-azevedo-Q_Sei-TqSlc-unsplash.jpg,Person sitting quietly outdoors,,1,,,,,,,Free,,,
Intramural Kickball Finals,03/12/2026,1:00 PM,03/12/2026,3:00 PM,,Championship game of the spring intramural kickball league.,<p>Come cheer on the two finalist teams as they compete for the intramural kickball championship.</p>,Intramural Fields,Men's Sports|Women's Sports,Open to the Public|Athletics,alfonso-scarpa-O8p7DUgZ1KA-unsplash.jpg,Students playing kickball outdoors,,1,1,,,,,,Free,,,
Alumni Networking Night,03/12/2026,6:30 PM,03/12/2026,8:30 PM,,Meet alumni working across industries over light appetizers.,<p>An evening of casual networking with alumni from a range of industries. Light appetizers provided.</p>,Alumni Center,Service,Open to the Public|Community Outreach,vitaly-gariev-N9GPReiNkt0-unsplash.jpg,Guests in conversation at a reception,1,1,,,,,,,,,1,"[{""firstname"": ""Grace"", ""lastname"": ""Kim"", ""email"": ""grace.kim@example.edu"", ""attending"": 1, ""comments_by_registrant"": ""Excited to reconnect with folks from my old cohort!""}, {""firstname"": ""Teo"", ""lastname"": ""Alvarez"", ""email"": ""teo.alvarez@example.edu"", ""attending"": 1}, {""firstname"": ""Nina"", ""lastname"": ""Petrov"", ""email"": ""nina.petrov@example.edu"", ""attending"": 1}]"
Panel: Careers in Public Health,03/12/2026,4:00 PM,03/12/2026,5:30 PM,,Alumni panel on public health career paths.,"<p>A panel of alumni working in public health discuss career paths, followed by audience questions.</p>","Health Sciences Building, Room 150",Panel,Academic Events,nathan-dumlao-ewGMqs2tmJI-unsplash.jpg,Panelists seated in front of an audience,,1,,,,,,,,,,
Weekend Leadership Conference,03/13/2026,,03/15/2026,,1,A weekend of workshops and keynotes on student leadership.,"<p>A weekend-long conference featuring workshops, keynote speakers, and networking for student leaders from across the region.</p>",Student Union Ballroom,Conference,Open to the Public|Academic Events,owen-yin-qfTrgRUXLWA-unsplash.jpg,Attendees seated at a conference session,1,1,,,,,,,,,1,"[{""firstname"": ""Devon"", ""lastname"": ""Marsh"", ""email"": ""devon.marsh@example.edu"", ""attending"": 1}, {""firstname"": ""Chloe"", ""lastname"": ""Yamada"", ""email"": ""chloe.yamada@example.edu"", ""attending"": 1}, {""firstname"": ""Isaiah"", ""lastname"": ""Brooks"", ""email"": ""isaiah.brooks@example.edu"", ""attending"": 1, ""is_waitlisted"": 1}]"
Jazz Ensemble Performance,03/13/2026,7:30 PM,03/13/2026,9:00 PM,,The campus jazz ensemble performs a program of standards and original arrangements.,<p>The campus jazz ensemble performs a program of standards and original student arrangements.</p>,Recital Hall,Music,Open to the Public|Performances,jens-thekkeveettil-dBWvUqBoOU8-unsplash.jpg,Musicians performing on stage,,1,,,,,,,$5 suggested donation,,,
Weekend Farmers Market,03/14/2026,,03/15/2026,,1,"Weekend farmers market featuring local vendors, spanning Saturday into Sunday.","<p>Local vendors sell produce, baked goods, and crafts across the weekend on the Campus Green.</p>",Campus Green,Volunteering|Service,Open to the Public|Community Outreach,priscilla-du-preez-ggeZ9oyI-PE-unsplash.jpg,Outdoor market stalls,,2,,,,,,,Free,,,
Last Day to Withdraw with W Grade,03/16/2026,,03/16/2026,,1,Final day to withdraw from a course with a W grade instead of a letter grade.,<p>Withdrawals submitted after 11:59pm today will receive a letter grade rather than a W.</p>,Registrar's Office,,Dates & Deadlines,,,,1,,,,,,,,,,
Guest Lecture: The Future of Work,03/16/2026,4:00 PM,03/16/2026,5:30 PM,,An economist's take on automation and the changing labor market.,"<p>A visiting economist discusses automation, remote work, and what it means for new graduates entering the labor market.</p>","Business Building, Room 220",Lecture,Academic Events,priscilla-du-preez-XkKCui44iM0-unsplash.jpg,Speaker presenting to an audience,,1,,,,,,,,,,
Trivia Night,03/17/2026,8:00 PM,03/17/2026,10:00 PM,,Team trivia with prizes for the top three teams.,<p>Gather a team of up to six and compete for prizes across eight rounds of trivia.</p>,"Student Union, Room 220",Student Event,Student Organizations,sean-benesh-1D9aRAjKtGA-unsplash.jpg,Students gathered around tables,,1,,,,,,,Free,,,
Men's Basketball vs. Fairview,03/17/2026,7:00 PM,03/17/2026,9:00 PM,,Conference matchup against Fairview.,"<p>A conference matchup against Fairview, with a giveaway for the first 200 students.</p>",Fieldhouse Arena,Basketball|Men's Sports,Athletics,logan-weaver-lgnwvr-xtPs2_MlPYc-unsplash.jpg,Basketball players competing on the court,,1,,,,,,,Free,,,
Sustainability Symposium,03/17/2026,10:00 AM,03/17/2026,3:00 PM,,Student and faculty research on campus sustainability initiatives.,"<p>A day of short talks and poster sessions on campus sustainability research, from energy use to waste reduction.</p>",Science Hall Atrium,Symposium,Academic Events,quilia-1-aA2Fadydc-unsplash.jpg,Attendees seated at a symposium session,,1,,,,,,,,,,
Blood Drive,03/18/2026,10:00 AM,03/18/2026,4:00 PM,,"Walk-ins welcome, appointments preferred.","<p>Hosted with the regional blood center. Walk-ins are welcome, though appointments are preferred to minimize wait time.</p>","Student Union, Room 150",Service,Community Outreach,quilia-zFSo6bnZJTw-unsplash.jpg,Volunteers staffing a table indoors,,1,,,,,,,Free,,,
String Quartet Showcase,03/18/2026,7:00 PM,03/18/2026,8:15 PM,,Student string quartets perform a mixed program.,<p>Four student string quartets perform a mixed program spanning classical and contemporary works.</p>,Recital Hall,Music,Open to the Public|Performances,manuel-nageli-NsgsQjHA1mM-unsplash.jpg,Musicians performing on stage,,1,,,,,,,$5 suggested donation,,,
Women's Soccer vs. Brookfield,03/19/2026,6:00 PM,03/19/2026,8:00 PM,,Conference matchup against Brookfield.,<p>A conference matchup against Brookfield under the lights at the Athletics Complex.</p>,"Athletics Complex, Soccer Field",Soccer|Women's Sports,Athletics,jeffrey-f-lin-y_7SzG5ohBc-unsplash.jpg,Soccer players competing on the field,,1,,,,,,,Free,,,
Panel: Navigating Grad School Applications,03/19/2026,4:00 PM,03/19/2026,5:30 PM,,Faculty and recent grads share advice on graduate applications.,"<p>Faculty and recent graduate school admits share advice on personal statements, recommendations, and timelines.</p>","Humanities Building, Room 110",Panel,Academic Events,robert-bye-CyvK_Z2pYXg-unsplash.jpg,Panelists seated in front of an audience,,1,,,,,,,,,,
Food Pantry Volunteer Shift,03/19/2026,3:00 PM,03/19/2026,6:00 PM,,Help sort and stock the campus food pantry.,<p>Help sort donations and stock shelves at the campus food pantry. No experience necessary.</p>,Campus Food Pantry,Volunteering,Community Outreach,roel-dierckens-LzGjfk1SeDw-unsplash.jpg,Volunteers sorting food donations,,1,,,,,,,Free,,,
Spring Concert,03/20/2026,7:30 PM,03/20/2026,9:00 PM,,The campus orchestra performs its annual spring concert.,"<p>The campus orchestra performs its annual spring concert, featuring a guest soloist from the music faculty.</p>",Recital Hall,Music,Open to the Public|Performances,manuel-nageli-7CcPLtywRso-unsplash.jpg,Musicians performing on stage,,1,,,,,,,$5 suggested donation,,,
Open Mic Comedy Night,03/20/2026,8:00 PM,03/20/2026,10:00 PM,,Student comedians take the stage for five-minute sets.,"<p>Sign-ups start at 7:30pm. Five-minute sets, all levels of experience welcome.</p>",The Underground Coffeehouse,Student Event,Student Organizations,matthew-jungling-l3abtqeY38E-unsplash.jpg,Person performing on a small stage,,1,,,,,,,Free,,,
Women's Lacrosse vs. Eastbrook,03/21/2026,1:00 PM,03/21/2026,3:00 PM,,Conference matchup against Eastbrook.,<p>A conference matchup against Eastbrook on the main athletics field.</p>,"Athletics Complex, Turf Field",Women's Sports,Athletics,jeffrey-f-lin-ghbW5qujVdU-unsplash.jpg,Lacrosse players competing on the field,,1,,,,,,,Free,,,
Regional Robotics Competition,03/21/2026,,03/22/2026,,1,Teams from across the region compete over the weekend.,<p>Teams from across the region bring their robots to compete in a weekend-long series of head-to-head matches.</p>,Fieldhouse Arena,Conference,Open to the Public|Academic Events,rut-miit-oTglG1D4hRA-unsplash.jpg,Students working on a robotics project,1,1,,,,,,,,,1,"[{""firstname"": ""Wei"", ""lastname"": ""Zhang"", ""email"": ""wei.zhang@example.edu"", ""attending"": 1}, {""firstname"": ""Amara"", ""lastname"": ""Johnson"", ""email"": ""amara.johnson@example.edu"", ""attending"": 1, ""comments_by_registrant"": ""Bringing our whole team, can we get an extra table?""}, {""firstname"": ""Lucas"", ""lastname"": ""Ferreira"", ""email"": ""lucas.ferreira@example.edu"", ""attending"": 1}]"
Track & Field Conference Championships,03/22/2026,10:00 AM,03/22/2026,4:00 PM,,Conference championship meet hosted on the home track.,<p>The conference championship meet comes to the home track for a full day of finals.</p>,Track & Field Complex,Track & Field,Athletics,braden-collum-9HI8UJMSdZA-unsplash.jpg,Runners competing on a track,,1,,,,,,,Free,,,
Alumni Mentorship Kickoff,03/23/2026,5:00 PM,03/23/2026,6:30 PM,,Meet your mentor and kick off the spring mentorship program.,<p>New mentor-mentee pairs meet for the first time and hear from program alumni about making the most of it.</p>,Alumni Center,Service,Open to the Public|Community Outreach,2h-media-rqZaKEjRrdQ-unsplash.jpg,Guests in conversation at a reception,,1,,,,,,,Free,,,
Guest Lecture: Data Privacy in the Digital Age,03/23/2026,4:00 PM,03/23/2026,5:30 PM,,A computer science faculty talk on data privacy and consent.,<p>A computer science faculty member discusses data privacy regulation and what it means for everyday consumers.</p>,"Science Hall, Room 204",Lecture,Academic Events,sai-kiran-belana-8L0NwtD6reg-unsplash.jpg,Speaker presenting to an audience,,1,,,,,,,,,,
Graduate School Fair,03/24/2026,11:00 AM,03/24/2026,2:00 PM,,Meet representatives from over 40 graduate programs.,<p>Representatives from more than 40 graduate programs answer questions about admissions and funding.</p>,Student Union Ballroom,Symposium,Academic Events,sangga-rima-roman-selia-bgQgAKagQB4-unsplash.jpg,Tables set up for an information fair,,1,,,,,,,,,,
Men's Volleyball vs. Northgate,03/24/2026,7:00 PM,03/24/2026,9:00 PM,,Conference matchup against Northgate.,<p>A conference matchup against Northgate to close out the regular home schedule.</p>,Fieldhouse Arena,Volleyball|Men's Sports,Athletics,taiki-ishikawa-ZKFNj-Hc2Q0-unsplash.jpg,Volleyball players competing on the court,,1,,,,,,,Free,,,
Poetry & Prose Open Mic,03/24/2026,8:00 PM,03/24/2026,10:00 PM,,Share original poetry or short prose.,"<p>Hosted by the campus literary magazine. Sign-ups start at 7:30pm, five-minute readings.</p>",The Underground Coffeehouse,Student Event,Student Organizations,matthew-jungling-l3abtqeY38E-unsplash.jpg,Person reading from a notebook on stage,,1,,,,,,,Free,,,
Reading Day – No Classes,03/25/2026,,03/25/2026,,1,No classes are held campus-wide to allow time for exam preparation.,<p>Classes are not held today so students can prepare for upcoming exams and assignments. Campus offices remain open.</p>,,Undergraduate|Graduate,Academic Calendar,,,,1,,,,,,,,,,
Wellness Fair,03/25/2026,11:00 AM,03/25/2026,2:00 PM,,"Free screenings, stress-relief activities, and wellness resources.",<p>Campus health services and local wellness vendors offer free screenings and stress-relief activities.</p>,Student Union Ballroom,Wellness,Community Outreach,jared-rice-xce530fBHrk-unsplash.jpg,Tables set up for a wellness fair,,1,,,,,,,Free,,,
Jazz Ensemble Performance,03/26/2026,7:30 PM,03/26/2026,9:00 PM,,A second spring performance from the campus jazz ensemble.,<p>The campus jazz ensemble returns with a fresh set list ahead of its regional tour.</p>,Recital Hall,Music,Open to the Public|Performances,jens-thekkeveettil-dBWvUqBoOU8-unsplash.jpg,Musicians performing on stage,,1,,,,,,,$5 suggested donation,,,
Women's Basketball Senior Night,03/26/2026,7:00 PM,03/26/2026,9:00 PM,,Final home game honoring the graduating seniors.,<p>The final home game of the season honors the team's graduating seniors before tip-off.</p>,Fieldhouse Arena,Basketball|Women's Sports,Athletics,hannah-gibbs-WOC-DFTx8IY-unsplash.jpg,Basketball players competing on the court,,1,,,,,,,Free,,,
Panel: Entrepreneurship 101,03/26/2026,4:00 PM,03/26/2026,5:30 PM,,Student founders share what they wish they'd known.,<p>Student and alumni founders share lessons learned launching campus and post-graduation ventures.</p>,"Business Building, Room 220",Panel,Academic Events,sincerely-media-dGxOgeXAXm8-unsplash.jpg,Panelists seated in front of an audience,,1,,,,,,,,,,
Campus Closed: Spring Holiday,03/27/2026,,03/27/2026,,1,Campus offices are closed for the spring holiday.,<p>Campus offices and most facilities are closed for the spring holiday. Residence halls remain open.</p>,,Undergraduate|Graduate,Academic Calendar,,,,1,,,,,,,,,,
Student Film Festival Screening,03/27/2026,7:00 PM,03/27/2026,9:30 PM,,A showcase of short films made by film students this year.,"<p>A showcase of short films made by film students this year, followed by a Q&amp;A with the filmmakers.</p>","Media Arts Building, Screening Room",Film,Open to the Public|Performances,zhifei-zhou-XO4A1pWBEbE-unsplash.jpg,Audience seated in a screening room,,1,,,,,,,Free,,,
End-of-Month Trivia Night,03/28/2026,8:00 PM,03/28/2026,10:00 PM,,Team trivia night with prizes for the top three teams.,<p>Gather a team of up to six and compete for prizes across eight rounds of trivia.</p>,"Student Union, Room 220",Student Event,Student Organizations,sean-benesh-1D9aRAjKtGA-unsplash.jpg,Students gathered around tables,,1,,,,,,,Free,,1,"[{""firstname"": ""Leo"", ""lastname"": ""Grant"", ""email"": ""leo.grant@example.edu"", ""attending"": 1, ""status"": 1}, {""firstname"": ""Mia"", ""lastname"": ""Sorensen"", ""email"": ""mia.sorensen@example.edu"", ""attending"": 1, ""comments_by_registrant"": ""Can our team name be \""Quiz Quiz Bang Bang\""?""}]"
Coed Intramural Basketball Tournament,03/28/2026,1:00 PM,03/28/2026,4:00 PM,,Single-elimination coed intramural basketball tournament.,<p>Coed teams face off in a single-elimination bracket to close out the intramural basketball season.</p>,"Recreation Center, Court 1",Basketball|Men's Sports|Women's Sports,Athletics,ludo-poire-SjhS5WTXo4Q-unsplash.jpg,Basketball players competing on the court,,1,,,,,,,Free,,,
Community Garden Volunteer Day,03/29/2026,9:00 AM,03/29/2026,12:00 PM,,Help plant this season's crop in the campus community garden.,<p>Help prep beds and plant this season's crop in the campus community garden. Tools and gloves provided.</p>,Community Garden,Volunteering,Community Outreach,quilia-qo6_mo9dsYg-unsplash.jpg,Volunteers working in a garden,,1,,,,,,,Free,,,
Spring Preview Day: Welcome Convocation,03/30/2026,10:00 AM,03/30/2026,11:30 AM,,A welcome ceremony kicking off Spring Preview Day for admitted and prospective students.,"<p>Spring Preview Day opens with a welcome convocation for admitted students, their families, and current students serving as hosts for the day. The provost and a handful of current students offer short remarks about what to expect from the semester ahead.</p><p>Doors open thirty minutes before the program begins, and overflow seating with a livestream is available for guests who arrive after the main hall fills. A reception with light refreshments follows immediately outside on the quad, weather permitting.</p>",Main Auditorium,Orientation,Open to the Public|Academic Calendar,tony-pham-FUmDe-Bx1LA-unsplash.jpg,Guests gathered for a welcome ceremony,1,1,,,,,,,Free,,,
Campus Resource Fair,03/30/2026,11:30 AM,03/30/2026,1:30 PM,,"Meet staff from admissions, financial aid, housing, and student life all in one place.","<p>Right after convocation, staff from across campus set up tables on the quad to answer questions about admissions, financial aid, housing, and student organizations.</p>",Main Quad,Orientation|Student Event,Student Organizations|Open to the Public,mikael-kristenson-3aVlWP-7bg8-unsplash.jpg,Tables set up for an information fair,,1,,,,,,,Free,,,
Thesis Defense: Physics — Renata Kowalski,03/31/2026,2:00 PM,03/31/2026,3:30 PM,,"A doctoral defense on low-temperature superconducting materials, open to the public.","<p>Renata Kowalski defends her dissertation on the behavior of superconducting materials at ultra-low temperatures, examining how small changes in crystal structure affect conductivity thresholds.</p><p>The defense opens with a public presentation before the committee moves to closed questioning. Guests are welcome to attend the public portion and are asked to arrive a few minutes early to find seating.</p>","Physics Building, Room 310",Thesis Defense,Academic Events,quilia-1-aA2Fadydc-unsplash.jpg,A presenter speaking at a defense session,,1,,,,,,,,,,
Men's Tennis vs. Westfield,03/31/2026,4:00 PM,03/31/2026,6:00 PM,,Conference matchup against Westfield.,<p>A conference matchup against Westfield on the outdoor courts.</p>,Tennis Complex,Tennis|Men's Sports,Athletics,hoi-pham-eLZwsPO8cCQ-unsplash.jpg,A tennis player mid-serve on the court,,1,,,,,,,Free,,,
Chemistry Colloquium: Catalysis at the Nanoscale,04/01/2026,4:00 PM,04/01/2026,5:00 PM,,A visiting chemist discusses recent advances in nanoscale catalyst design.,"<p>This week's colloquium features a visiting chemist presenting recent work on nanoscale catalyst design, including how tuning particle size and surface structure can improve reaction efficiency in industrial processes.</p><p>The talk is aimed at a general chemistry audience, with plenty of time reserved for questions from students and faculty. Coffee and light snacks are available beforehand in the lobby.</p>","Science Hall, Room 118",Colloquium,Academic Events,dom-fou-YRMWVcdyhmI-unsplash.jpg,A researcher presenting at a lectern,,1,,,,,,,,,,
Women's Sailing at Regional Invitational,04/01/2026,,04/01/2026,,1,A full day of racing at the regional invitational regatta.,"<p>The team competes in a full day of fleet racing at the regional invitational, hosted this year at a neighboring club's marina.</p>",Offsite — Regional Sailing Center,Sailing|Women's Sports,Athletics,ed-wingate-80lWoMl9guA-unsplash.jpg,Sailboats racing on open water,,1,,,,,,,,,,
Guest Lecture: The Ethics of Data-Driven Medicine,04/02/2026,4:00 PM,04/02/2026,5:30 PM,,A bioethicist examines the promises and risks of algorithmic decision-making in healthcare.,"<p>As hospitals increasingly rely on predictive algorithms to guide treatment decisions, questions about fairness, transparency, and accountability become harder to avoid. This talk surveys where those questions currently stand.</p><p>The speaker draws on several real-world case studies to illustrate both the promise of data-driven diagnosis tools and the ways bias can creep into training data without anyone noticing.</p><p>A moderated Q&amp;A follows the talk, and light refreshments are available afterward for anyone who wants to continue the conversation informally.</p>","Humanities Building, Room 110",Lecture,Open to the Public|Academic Events,priscilla-du-preez-XkKCui44iM0-unsplash.jpg,Speaker presenting to an audience,,1,,,,,,,,,,
Study Abroad 101: Semester Programs Info Session,04/02/2026,12:00 PM,04/02/2026,1:00 PM,,An overview of semester-long study abroad options and how to apply.,"<p>This info session walks through the basics of applying for a semester abroad: how credit transfer works, what financial aid follows you overseas, and typical application timelines for popular destinations.</p><p>Staff from the study abroad office stick around after the formal presentation to answer program-specific questions one-on-one.</p>","Student Union, Room 214",Seminar|Study Abroad,Academic Events,kyle-glenn-nXt5HtLmlgE-unsplash.jpg,A world map with pins marking destinations,,1,,1,1,https://example.edu/webconference/study-abroad-101,Join Online,,,,,
Men's Rugby vs. Ridgeview,04/02/2026,6:00 PM,04/02/2026,8:00 PM,,Conference matchup against Ridgeview.,<p>A conference matchup against Ridgeview on the intramural pitch.</p>,Intramural Fields,Rugby|Men's Sports,Athletics,davide-buttani-UKWHDxGuQ0k-unsplash.jpg,Rugby players competing on the field,,1,,,,,,,Free,,,
Blood Drive,04/03/2026,10:00 AM,04/03/2026,4:00 PM,,Hosted with the regional blood center; walk-ins welcome.,"<p>The regional blood center returns to campus for a full day of donations. Appointments are preferred to keep wait times short, but walk-ins are always accommodated as space allows.</p><p>First-time donors should plan for about an hour total, including a brief health screening. Snacks and juice are provided afterward, and every donor receives a small thank-you gift while supplies last.</p>","Student Union, Room 150",Service|Blood Drive,Community Outreach,nguy-n-hi-p-ufwC2cmbaaI-unsplash.jpg,A volunteer preparing a blood donation station,,1,,,,,,,Free,,,
Women's Water Polo vs. Hartwell,04/03/2026,5:00 PM,04/03/2026,7:00 PM,,Conference matchup against Hartwell.,<p>A conference matchup against Hartwell at the natatorium.</p>,Aquatics Center,Water Polo|Women's Sports,Athletics,emmanuel-lelievre-_yR4z2pn630-unsplash.jpg,Water polo players competing in the pool,,1,,,,,,,Free,,,
"Museum Exhibit Opening: Ink & Memory, A Printmaking Retrospective",04/04/2026,,04/04/2026,,1,A retrospective spanning four decades of printmaking from the permanent collection.,"<p>This retrospective draws together four decades of printmaking from the museum's permanent collection, tracing how techniques and subject matter shifted across generations of practicing artists.</p><p>An opening reception runs from 2 to 4pm with remarks from the curator, but the exhibit itself remains open to visitors throughout regular museum hours for the rest of the semester.</p>","University Museum, East Gallery",Reception|Exhibit,Open to the Public|Academic Events,zalfa-imani-3hxlxmo2Oc0-unsplash.jpg,Framed prints on display in a gallery,,1,,,,,,,Free,,,
University Equestrian at Regional Show,04/04/2026,,04/04/2026,,1,Riders compete across several classes at the regional show.,"<p>Riders compete across several classes at this weekend's regional show, hosted at a nearby equestrian center.</p>",Offsite — Regional Equestrian Center,Equestrian,Athletics,gene-devine-YwjY-8Ivag4-unsplash.jpg,A rider competing on horseback,,1,,,,,,,,,,
Community Connections Mixer,04/05/2026,2:00 PM,04/05/2026,4:00 PM,,"A casual, drop-in gathering for anyone looking to make new connections on campus.","<p>This drop-in mixer is designed for anyone — new or returning, undergraduate or graduate — who wants an easy, low-pressure way to meet people outside their usual circles.</p><p>There's no agenda beyond conversation: light snacks, a few icebreaker prompts on each table, and plenty of time to talk. Come for ten minutes or stay the whole afternoon.</p>","Student Union, Room 230",Community,Open to the Public|Student Organizations,hannah-busing-Zyx1bK9mqmA-unsplash.jpg,A small group seated together in conversation,,1,,,,,,,Free,,,
Women's Cross Country at Season-Opening Invitational,04/05/2026,,04/05/2026,,1,The team opens its spring slate at the season-opening invitational.,"<p>The team opens its spring slate at this season-opening invitational, hosted this year on the home course.</p>",Cross Country Course,Cross Country|Women's Sports,Athletics,jorge-alberto-vega-barrera-1-nuy7fD3fw-unsplash.jpg,Runners competing on a cross country course,,1,,,,,,,,,,
Master of Science in Data Analytics | Virtual Info Session,04/06/2026,12:00 PM,04/06/2026,1:00 PM,,An overview of the part-time Master of Science in Data Analytics program.,"<p>Program staff walk through the curriculum, course sequencing, and typical timeline for the part-time Master of Science in Data Analytics, designed for working professionals.</p><p>The session covers admissions requirements, funding options, and how the program's evening and weekend course formats fit around a full-time job. A recording is sent to registrants who can't attend live.</p>",,Seminar|Info Session,Academic Events,compagnons-eTgMFFzroGc-unsplash.jpg,A laptop set up for a video call,,1,,1,1,https://example.edu/webconference/ms-data-analytics,Join Online,,,,,
Men's Ice Hockey vs. Meridian,04/06/2026,7:00 PM,04/06/2026,9:00 PM,,Conference matchup against Meridian.,<p>A conference matchup against Meridian at the ice arena.</p>,Ice Arena,Ice Hockey|Men's Sports,Athletics,logan-weaver-lgnwvr-GXQP77GIsIU-unsplash.jpg,Ice hockey players competing on the rink,,1,,,,,,,Free,,,
Economics Seminar: Housing Markets and Migration,04/07/2026,4:00 PM,04/07/2026,5:00 PM,,New research on how rising housing costs shape regional migration patterns.,<p>This week's economics seminar presents new research linking rising housing costs in major metro areas to shifting migration patterns toward smaller cities and remote work hubs.</p><p>The talk draws on a decade of household mobility data and includes discussion of policy implications for both sending and receiving regions. Open to all students and faculty; no background in economics required.</p>,"Business Building, Room 150",Colloquium,Academic Events,wan-san-yip-ID1yWa1Wpx0-unsplash.jpg,A speaker presenting research to a seated audience,,1,,,,,,,,,,
Women's Tennis vs. Crestline,04/07/2026,4:00 PM,04/07/2026,6:00 PM,,Conference matchup against Crestline.,<p>A conference matchup against Crestline on the outdoor courts.</p>,Tennis Complex,Tennis|Women's Sports,Athletics,hoi-pham-eLZwsPO8cCQ-unsplash.jpg,A tennis player mid-serve on the court,,1,,,,,,,Free,,,
Interfaith Reflection Gathering,04/08/2026,12:00 PM,04/08/2026,1:00 PM,,"A quiet, multi-faith space for reflection open to students of any tradition or none.","<p>Held weekly in a quiet corner of the student union, this gathering offers a shared space for reflection, meditation, or prayer, welcoming students from any faith tradition or none at all.</p><p>There's no set program — chaplains from several traditions are present to talk if wanted, but sitting quietly is just as welcome. Drop in for five minutes or the full hour.</p>","Student Union, Reflection Room",Community|Wellness,Open to the Public|Community Outreach,hannah-busing-Zyx1bK9mqmA-unsplash.jpg,A small group seated together in quiet conversation,,1,,,,,,,Free,,,
Men's Volleyball vs. Oakhaven,04/08/2026,7:00 PM,04/08/2026,9:00 PM,,Conference matchup against Oakhaven.,<p>A conference matchup against Oakhaven at the Fieldhouse.</p>,Fieldhouse Arena,Volleyball|Men's Sports,Athletics,taiki-ishikawa-ZKFNj-Hc2Q0-unsplash.jpg,Volleyball players competing on the court,,1,,,,,,,Free,,,
Panel: Navigating a Career Change After Graduation,04/09/2026,4:00 PM,04/09/2026,5:30 PM,,Alumni who changed career paths share how they made the leap.,"<p>Three alumni who each pivoted into a different field within five years of graduating share what prompted the change, how they retooled their skills, and what they'd do differently.</p><p>The panel leaves ample time for audience questions, and attendees are encouraged to bring specific career-change scenarios they're weighing themselves.</p>",Career Services Suite,Panel,Academic Events,nathan-dumlao-ewGMqs2tmJI-unsplash.jpg,Panelists seated in front of an audience,,1,,,,,,,,,,
Women's Rugby vs. Silverton,04/09/2026,6:00 PM,04/09/2026,8:00 PM,,Conference matchup against Silverton.,<p>A conference matchup against Silverton on the intramural pitch.</p>,Intramural Fields,Rugby|Women's Sports,Athletics,davide-buttani-UKWHDxGuQ0k-unsplash.jpg,Rugby players competing on the field,,1,,,,,,,Free,,,
Regional Alumni Mixer,04/10/2026,6:30 PM,04/10/2026,8:30 PM,,An evening of casual conversation for alumni from every graduating class.,"<p>This mixer brings together alumni from every graduating class for an informal evening of reconnecting, whether that means catching up with old classmates or meeting people from decades apart.</p><p>Light appetizers and a cash bar are available, and current students working in the alumni office are on hand to share updates about what's new on campus.</p>",Alumni Center,Alumni|Service,Open to the Public|Community Outreach,darya-tryfanava-d55fhArDES0-unsplash.jpg,Guests mingling and chatting at an evening mixer,1,1,,,,,,,,,,
Men's Swimming & Diving vs. Brightwater,04/10/2026,5:00 PM,04/10/2026,7:00 PM,,Conference matchup against Brightwater.,<p>A conference matchup against Brightwater at the Aquatics Center.</p>,Aquatics Center,Swimming & Diving|Men's Sports,Athletics,serena-repice-lentini-Ue24S2JU81k-unsplash.jpg,A swimmer competing in a pool lane,,1,,,,,,,Free,,,
Thesis Defense: Sociology — Priya Chandran,04/11/2026,10:00 AM,04/11/2026,11:30 AM,,A doctoral defense examining how neighborhood turnover affects local civic participation.,"<p>Priya Chandran defends her dissertation on how rapid neighborhood turnover affects local civic participation, drawing on interviews and voter records from several mid-sized cities.</p><p>The public presentation runs roughly forty-five minutes, followed by closed committee questioning. Guests are welcome for the public portion.</p>","Social Sciences Building, Room 220",Thesis Defense,Academic Events,quilia-1-aA2Fadydc-unsplash.jpg,A presenter speaking at a defense session,,1,,,,,,,,,,
Coed Sailing at Spring Regatta,04/11/2026,,04/11/2026,,1,A full day of fleet racing at the spring regatta.,<p>The coed sailing team competes in a full day of fleet racing at this weekend's spring regatta.</p>,Offsite — Regional Sailing Center,Sailing,Athletics,ed-wingate-80lWoMl9guA-unsplash.jpg,Sailboats racing on open water,,1,,,,,,,,,,
Peer Support Circle,04/12/2026,3:00 PM,04/12/2026,4:00 PM,,"A peer-led, drop-in space for anyone who wants to talk through what's on their mind.","<p>This peer-led circle meets weekly as a low-key, drop-in space for students to talk through whatever's on their mind — school stress, homesickness, or just wanting company. Trained student facilitators keep the conversation grounded and confidential.</p><p>No sign-up is required and attendance is completely informal; come once or every week, whichever is useful.</p>",Wellness Center Studio,Community|Wellness,Community Outreach,hannah-busing-Zyx1bK9mqmA-unsplash.jpg,A small group seated together in conversation,,1,,,,,,,Free,,,
Women's Basketball Alumnae Exhibition Game,04/12/2026,1:00 PM,04/12/2026,3:00 PM,,Current players take on a team of graduated alumnae in a friendly exhibition.,"<p>Current players take on a team of returning alumnae in a lighthearted, friendly exhibition game, followed by a meet-and-greet at center court.</p>",Fieldhouse Arena,Basketball|Women's Sports|Alumni,Athletics,hannah-gibbs-WOC-DFTx8IY-unsplash.jpg,Basketball players competing on the court,,1,,,,,,,Free,,,
Priority Registration Opens for Fall Semester,04/13/2026,,04/13/2026,,1,Registration windows open in class-standing order starting today.,"<p>Registration windows open in class-standing order starting at 7am; check your assigned time slot in the student portal.</p><p>Holds from unpaid balances, missing immunization records, or incomplete advising sign-offs will block registration even during your assigned window, so it's worth checking your account status a few days ahead of time.</p>",Registrar's Office,,Dates & Deadlines,,,,1,,,,,,,,,,
Men's Water Polo vs. Kingsford,04/13/2026,6:00 PM,04/13/2026,8:00 PM,,Conference matchup against Kingsford.,<p>A conference matchup against Kingsford at the natatorium.</p>,Aquatics Center,Water Polo|Men's Sports,Athletics,emmanuel-lelievre-_yR4z2pn630-unsplash.jpg,Water polo players competing in the pool,,1,,,,,,,Free,,,
Guest Lecture: Rethinking Urban Green Space,04/14/2026,4:00 PM,04/14/2026,5:30 PM,,An urban planner argues for rethinking how cities design and fund public green space.,"<p>Drawing on case studies from several mid-sized cities, this talk argues that public green space is chronically underfunded relative to its measurable effects on public health, property values, and neighborhood cohesion.</p><p>The speaker also addresses common criticisms of green-space investment, including concerns about maintenance costs and unequal access across neighborhoods.</p>","Humanities Building, Room 110",Lecture,Open to the Public|Academic Events,igor-omilaev-gVQLAbGVB6Q-unsplash.jpg,Speaker presenting to an audience,,1,,,,,,,,,,
Women's Equestrian at Spring Classic,04/14/2026,,04/14/2026,,1,Riders compete across several classes at the spring classic.,"<p>Riders compete across several classes at this weekend's spring classic, hosted at a nearby equestrian center.</p>",Offsite — Regional Equestrian Center,Equestrian|Women's Sports,Athletics,gene-devine-YwjY-8Ivag4-unsplash.jpg,A rider competing on horseback,,1,,,,,,,,,,
Wellness Workshop: Managing Exam Stress,04/15/2026,12:00 PM,04/15/2026,1:00 PM,,"Practical strategies for managing exam-season stress, led by campus counseling staff.","<p>Campus counseling staff lead a practical, drop-in workshop on managing exam-season stress — covering sleep, study scheduling, and quick grounding techniques that fit between classes.</p><p>No registration needed; come for the full session or just the parts that are useful.</p>",Wellness Center Studio,Wellness,Community Outreach,jared-rice-xce530fBHrk-unsplash.jpg,Tables set up for a wellness event,,1,,,,,,,Free,,,
Men's Cross Country at Invitational,04/15/2026,,04/15/2026,,1,The team competes at a regional invitational meet.,<p>The team travels to compete at a regional invitational meet against several conference rivals.</p>,Offsite — Regional Cross Country Course,Cross Country|Men's Sports,Athletics,jorge-alberto-vega-barrera-1-nuy7fD3fw-unsplash.jpg,Runners competing on a cross country course,,1,,,,,,,,,,
"Museum Exhibit Opening: Objects of Everyday Life, A Community Photography Project",04/16/2026,,04/16/2026,,1,A community photography project documenting everyday objects with personal meaning.,"<p>For this student-curated show, participants from across campus and the surrounding neighborhood submitted photographs of one ordinary object that carries personal meaning, alongside a short written note about why.</p><p>The result is an intentionally unpolished, wide-ranging exhibit that leans into the everyday rather than the exceptional. An opening reception runs from 5 to 7pm with several contributors on hand to talk about their pieces.</p>","Student Gallery, Fine Arts Building",Reception|Exhibit,Open to the Public|Academic Events,markus-spiske-RmvlD0oTsAo-unsplash.jpg,Photographs displayed on a gallery wall,,2,,,,,,,Free,,,
Women's Volleyball vs. Millbrook,04/16/2026,7:00 PM,04/16/2026,9:00 PM,,Conference matchup against Millbrook.,<p>A conference matchup against Millbrook at the Fieldhouse.</p>,Fieldhouse Arena,Volleyball|Women's Sports,Athletics,taiki-ishikawa-ZKFNj-Hc2Q0-unsplash.jpg,Volleyball players competing on the court,,1,,,,,,,Free,,,
International Student Info Session: Visa & Work Authorization Basics,04/17/2026,1:00 PM,04/17/2026,2:00 PM,,Practical guidance on maintaining status and understanding work authorization options.,"<p>International student services staff walk through the basics of maintaining valid immigration status, common questions about on-campus employment, and an overview of post-graduation work authorization options.</p><p>This session covers general information only; students with case-specific questions are encouraged to schedule a follow-up advising appointment.</p>",,Seminar|Info Session,Academic Events,kyle-glenn-nXt5HtLmlgE-unsplash.jpg,A world map with pins marking destinations,,1,,1,1,https://example.edu/webconference/international-visa-basics,Join Online,,,,,
Men's Tennis Conference Quarterfinals,04/17/2026,,04/17/2026,,1,The team opens conference tournament play.,<p>The team opens conference tournament play in the quarterfinal round.</p>,Tennis Complex,Tennis|Men's Sports,Athletics,hoi-pham-eLZwsPO8cCQ-unsplash.jpg,A tennis player mid-serve on the court,,1,,,,,,,,,,
Spring Fling Concert,04/18/2026,7:30 PM,04/18/2026,10:00 PM,,An outdoor concert featuring student bands and a headlining act.,"<p>Spring Fling closes out with an outdoor concert on the quad, opening with a rotation of student bands before a headlining act takes the stage.</p><p>Food trucks and a merch table from the student activities office are on site starting an hour before the music begins. Bring a blanket or low chair — seating is on the lawn.</p>",Main Quad,Music,Open to the Public|Performances,manuel-nageli-7CcPLtywRso-unsplash.jpg,Musicians performing on stage,1,1,,,,,,,Free,,,
Women's Sailing at Conference Championship,04/18/2026,,04/19/2026,,1,The team competes in the conference championship regatta over the weekend.,"<p>The team competes in the conference championship regatta, a two-day event spanning Saturday and Sunday.</p>",Offsite — Regional Sailing Center,Sailing|Women's Sports,Athletics,ed-wingate-80lWoMl9guA-unsplash.jpg,Sailboats racing on open water,,1,,,,,,,,,,
New & Returning Students Coffee Hour,04/19/2026,10:00 AM,04/19/2026,11:30 AM,,An easygoing weekly coffee hour open to anyone looking to meet new people.,"<p>This weekly coffee hour is an easy, no-pressure way to meet people from outside your usual routine — new students still finding their footing and returning students alike are welcome.</p><p>Coffee, tea, and pastries are provided. Drop by for the whole hour or just long enough to grab a cup.</p>","Student Union, Room 230",Community,Student Organizations|Open to the Public,hannah-busing-Zyx1bK9mqmA-unsplash.jpg,A small group seated together in conversation,,1,,,,,,,Free,,,
Men's Ice Hockey vs. Fernwood,04/19/2026,3:00 PM,04/19/2026,5:00 PM,,Conference matchup against Fernwood.,<p>A conference matchup against Fernwood at the ice arena.</p>,Ice Arena,Ice Hockey|Men's Sports,Athletics,logan-weaver-lgnwvr-GXQP77GIsIU-unsplash.jpg,Ice hockey players competing on the rink,,1,,,,,,,Free,,,
Master of Public Health | Virtual Info Session,04/20/2026,12:00 PM,04/20/2026,1:00 PM,,An overview of the Master of Public Health program and its concentration tracks.,"<p>Program staff cover the MPH curriculum, available concentration tracks, and the required practicum placement, along with typical timelines for full-time and part-time enrollment.</p><p>The session closes with an open Q&amp;A, and registrants receive a recording along with a program brochure by email afterward.</p>",,Seminar|Info Session,Academic Events,compagnons-eTgMFFzroGc-unsplash.jpg,A laptop set up for a video call,,1,,1,1,https://example.edu/webconference/mph-info-session,Join Online,,,,,
Women's Tennis vs. Ironwood,04/20/2026,4:00 PM,04/20/2026,6:00 PM,,Conference matchup against Ironwood.,<p>A conference matchup against Ironwood on the outdoor courts.</p>,Tennis Complex,Tennis|Women's Sports,Athletics,hoi-pham-eLZwsPO8cCQ-unsplash.jpg,A tennis player mid-serve on the court,,1,,,,,,,Free,,,
Thesis Defense: Computer Science — Felix Adeyemi,04/21/2026,2:00 PM,04/21/2026,3:30 PM,,A doctoral defense on efficient indexing methods for large-scale time-series data.,"<p>Felix Adeyemi defends his dissertation on efficient indexing methods for large-scale time-series data, with applications ranging from sensor networks to financial trading systems.</p><p>The public presentation covers motivation, methodology, and benchmark results before the committee moves to closed questioning.</p>","Computer Science Building, Room 140",Thesis Defense,Academic Events,quilia-1-aA2Fadydc-unsplash.jpg,A presenter speaking at a defense session,,1,,,,,,,,,,
Men's Rugby vs. Bellmont,04/21/2026,6:00 PM,04/21/2026,8:00 PM,,Conference matchup against Bellmont.,<p>A conference matchup against Bellmont on the intramural pitch.</p>,Intramural Fields,Rugby|Men's Sports,Athletics,davide-buttani-UKWHDxGuQ0k-unsplash.jpg,Rugby players competing on the field,,1,,,,,,,Free,,,
Political Science Colloquium: Democratic Institutions Under Strain,04/22/2026,4:00 PM,04/22/2026,5:00 PM,,A comparative look at how democratic institutions respond to sustained political polarization.,"<p>This colloquium compares how democratic institutions in several countries have adapted — or failed to adapt — to sustained political polarization over the past two decades.</p><p>The speaker draws on comparative case studies to identify which institutional features appear most resilient, and which are most vulnerable to erosion over time.</p>","Social Sciences Building, Room 220",Colloquium,Academic Events,dom-fou-YRMWVcdyhmI-unsplash.jpg,A researcher presenting at a lectern,,1,,,,,,,,,,
Community Garden Volunteer Day,04/22/2026,9:00 AM,04/22/2026,12:00 PM,,Help with spring planting in the campus community garden.,<p>Help with spring planting and general upkeep in the campus community garden. Tools and gloves provided.</p><p>No experience necessary — a garden coordinator is on site to answer questions and point volunteers toward whatever task fits the time they have.</p>,Community Garden,Volunteering,Community Outreach,quilia-qo6_mo9dsYg-unsplash.jpg,Volunteers working in a garden,,1,,,,,,,Free,,,
Panel: Finding Your First Job in a Changing Economy,04/23/2026,4:00 PM,04/23/2026,5:30 PM,,Recent graduates and hiring managers discuss what's actually changed in entry-level hiring.,"<p>A mixed panel of recent graduates and hiring managers discusses what has actually changed in entry-level hiring over the last few years — from application volume to the growing role of AI-assisted screening.</p><p>The conversation stays practical: what candidates can control, what they can't, and how to make a resume stand out in an application pool that's often several hundred deep.</p>",Career Services Suite,Panel,Academic Events,sincerely-media-dGxOgeXAXm8-unsplash.jpg,Panelists seated in front of an audience,,1,,,,,,,,,,
Women's Water Polo vs. Copper Hill,04/23/2026,5:00 PM,04/23/2026,7:00 PM,,Conference matchup against Copper Hill.,<p>A conference matchup against Copper Hill at the natatorium.</p>,Aquatics Center,Water Polo|Women's Sports,Athletics,emmanuel-lelievre-_yR4z2pn630-unsplash.jpg,Water polo players competing in the pool,,1,,,,,,,Free,,,
Blood Drive: Community Blood Center Visit,04/24/2026,10:00 AM,04/24/2026,4:00 PM,,A second spring blood drive with the regional blood center.,"<p>The regional blood center makes its second spring visit to campus. As always, appointments are preferred but walk-ins are welcome throughout the day.</p><p>Donors are asked to eat a full meal and stay hydrated beforehand. The whole process, screening included, typically takes under an hour.</p>","Student Union, Room 150",Service|Blood Drive,Community Outreach,nguy-n-hi-p-ufwC2cmbaaI-unsplash.jpg,A volunteer preparing a blood donation station,,1,,,,,,,Free,,,
Men's Swimming & Diving Conference Championships (Day 1),04/24/2026,,04/24/2026,,1,Preliminary heats and diving rounds open the conference championships.,"<p>Preliminary heats and diving rounds open the two-day conference championship meet, hosted this year at the home pool.</p>",Aquatics Center,Swimming & Diving|Men's Sports,Athletics,serena-repice-lentini-Ue24S2JU81k-unsplash.jpg,A swimmer competing in a pool lane,,1,,,,,,,,,,
Men's Swimming & Diving Conference Championships (Day 2),04/25/2026,,04/25/2026,,1,Finals conclude the conference championship meet.,"<p>Championship finals wrap up the two-day meet, with team standings decided over the course of the afternoon.</p>",Aquatics Center,Swimming & Diving|Men's Sports,Athletics,serena-repice-lentini-Ue24S2JU81k-unsplash.jpg,A swimmer competing in a pool lane,,1,,,,,,,,,,
Coed Equestrian at Regional Finals,04/25/2026,,04/25/2026,,1,Riders compete at the regional finals show.,<p>Riders compete across several classes at this weekend's regional finals show.</p>,Offsite — Regional Equestrian Center,Equestrian,Athletics,gene-devine-YwjY-8Ivag4-unsplash.jpg,A rider competing on horseback,,1,,,,,,,,,,
Community Connections Mixer,04/26/2026,2:00 PM,04/26/2026,4:00 PM,,"A casual, drop-in gathering for anyone looking to make new connections on campus.","<p>This week's mixer follows the same easy format as always: light snacks, a few conversation prompts, and no obligation to stay any particular length of time.</p><p>It tends to draw a mix of students who've come before and first-timers, which keeps the conversation fresh from week to week.</p>","Student Union, Room 230",Community,Open to the Public|Student Organizations,hannah-busing-Zyx1bK9mqmA-unsplash.jpg,A small group seated together in conversation,,1,,,,,,,Free,,,
Women's Rugby vs. Stonebridge,04/26/2026,1:00 PM,04/26/2026,3:00 PM,,Conference matchup against Stonebridge.,<p>A conference matchup against Stonebridge on the intramural pitch.</p>,Intramural Fields,Rugby|Women's Sports,Athletics,davide-buttani-UKWHDxGuQ0k-unsplash.jpg,Rugby players competing on the field,,1,,,,,,,Free,,,
Last Day to Withdraw from a Spring Course,04/27/2026,,04/27/2026,,1,Final day to withdraw from a spring course with a W grade instead of a letter grade.,"<p>Withdrawals submitted after 11:59pm today will receive a letter grade rather than a W.</p><p>Students considering a late withdrawal are encouraged to talk with their academic advisor first, since a W can affect financial aid satisfactory-progress requirements depending on how many credits it drops you below full-time status.</p>",Registrar's Office,,Dates & Deadlines,,,,1,,,,,,,,,,
Men's Cross Country at Conference Championships,04/27/2026,,04/27/2026,,1,The team competes for the conference title.,<p>The team travels to compete for the conference title against every program in the league.</p>,Offsite — Regional Cross Country Course,Cross Country|Men's Sports,Athletics,jorge-alberto-vega-barrera-1-nuy7fD3fw-unsplash.jpg,Runners competing on a cross country course,,1,,,,,,,,,,
Guest Lecture: The Future of Renewable Energy Storage,04/28/2026,4:00 PM,04/28/2026,5:30 PM,,An engineer surveys the current landscape of grid-scale battery technology.,"<p>As renewable energy makes up a growing share of the power grid, storage technology has become the bottleneck standing between intermittent supply and reliable delivery. This talk surveys where battery technology currently stands.</p><p>The speaker compares several competing storage approaches — lithium-ion, flow batteries, and mechanical storage — on cost, scalability, and environmental footprint, and discusses which are most likely to dominate the next decade of grid buildout.</p>","Engineering Building, Room 105",Lecture,Open to the Public|Academic Events,robert-bye-CyvK_Z2pYXg-unsplash.jpg,Speaker presenting to an audience,,1,,,,,,,,,,
Women's Volleyball vs. Pinehurst,04/28/2026,7:00 PM,04/28/2026,9:00 PM,,Conference matchup against Pinehurst.,<p>A conference matchup against Pinehurst at the Fieldhouse.</p>,Fieldhouse Arena,Volleyball|Women's Sports,Athletics,taiki-ishikawa-ZKFNj-Hc2Q0-unsplash.jpg,Volleyball players competing on the court,,1,,,,,,,Free,,,
Study Abroad Info Session: Language Immersion Programs,04/29/2026,1:00 PM,04/29/2026,2:00 PM,,An overview of summer and semester language immersion programs abroad.,"<p>This session focuses specifically on language immersion programs, covering placement testing, homestay arrangements, and how immersion credit typically transfers back for language requirement fulfillment.</p><p>Returning students from past immersion cohorts join partway through to answer questions about day-to-day life in their host country.</p>",,Seminar|Study Abroad,Academic Events,kyle-glenn-nXt5HtLmlgE-unsplash.jpg,A world map with pins marking destinations,,1,,1,1,https://example.edu/webconference/language-immersion,Join Online,,,,,
Men's Water Polo vs. Larkspur,04/29/2026,6:00 PM,04/29/2026,8:00 PM,,Conference matchup against Larkspur.,<p>A conference matchup against Larkspur at the natatorium.</p>,Aquatics Center,Water Polo|Men's Sports,Athletics,emmanuel-lelievre-_yR4z2pn630-unsplash.jpg,Water polo players competing in the pool,,1,,,,,,,Free,,,
Thesis Defense: History — Naomi Torres,04/30/2026,10:00 AM,04/30/2026,11:30 AM,,A doctoral defense tracing the growth of regional trade networks in the 19th century.,"<p>Naomi Torres defends her dissertation tracing the growth of regional trade networks in the 19th century, using shipping manifests and correspondence to reconstruct commercial relationships that don't appear in official records.</p><p>Guests are welcome for the public presentation portion, which runs roughly forty-five minutes.</p>","Humanities Building, Room 214",Thesis Defense,Academic Events,quilia-1-aA2Fadydc-unsplash.jpg,A presenter speaking at a defense session,,1,,,,,,,,,,
Women's Ice Hockey vs. Wrenfield,04/30/2026,7:00 PM,04/30/2026,9:00 PM,,Conference matchup against Wrenfield.,<p>A conference matchup against Wrenfield at the ice arena.</p>,Ice Arena,Ice Hockey|Women's Sports,Athletics,logan-weaver-lgnwvr-GXQP77GIsIU-unsplash.jpg,Ice hockey players competing on the rink,,1,,,,,,,Free,,,
Spring Career & Internship Fair,05/01/2026,10:00 AM,05/01/2026,3:00 PM,,A second career fair for students seeking summer internships or full-time roles.,"<p>This spring fair leans toward summer internship and new-graduate hiring, with a slightly different mix of employers than the fall fair. Bring several copies of your resume and dress professionally.</p><p>A resume-review table staffed by career services is set up just inside the entrance for anyone who wants quick feedback before heading into the main hall.</p>",Student Union Ballroom,Service,Open to the Public|Community Outreach,product-school-5H0p6JPUHbI-unsplash.jpg,Students in conversation around a table,1,1,,,,,,,,,1,"[{""firstname"": ""Harper"", ""lastname"": ""Osei"", ""email"": ""harper.osei@example.edu"", ""attending"": 1}, {""firstname"": ""Noah"", ""lastname"": ""Fitzpatrick"", ""email"": ""noah.fitzpatrick@example.edu"", ""attending"": 1, ""comments_by_registrant"": ""Is business casual OK or should I wear a full suit?""}]"
Men's Sailing at Spring Championship,05/01/2026,,05/01/2026,,1,The team competes in the spring championship regatta.,"<p>The team competes in the spring championship regatta, hosted this year at a neighboring club's marina.</p>",Offsite — Regional Sailing Center,Sailing|Men's Sports,Athletics,ed-wingate-80lWoMl9guA-unsplash.jpg,Sailboats racing on open water,,1,,,,,,,,,,
Peer Support Circle,05/02/2026,3:00 PM,05/02/2026,4:00 PM,,"A peer-led, drop-in space for anyone who wants to talk through what's on their mind.","<p>This week's circle meets as usual — informal, confidential, and led by trained student facilitators. No sign-up required.</p>",Wellness Center Studio,Community|Wellness,Community Outreach,hannah-busing-Zyx1bK9mqmA-unsplash.jpg,A small group seated together in conversation,,1,,,,,,,Free,,,
Women's Equestrian at Conference Finals,05/02/2026,,05/02/2026,,1,Riders compete for the conference title.,<p>Riders compete across several classes for the conference title at this weekend's finals show.</p>,Offsite — Regional Equestrian Center,Equestrian|Women's Sports,Athletics,gene-devine-YwjY-8Ivag4-unsplash.jpg,A rider competing on horseback,,1,,,,,,,,,,
Community Garden Volunteer Day,05/03/2026,9:00 AM,05/03/2026,12:00 PM,,Help with weeding and watering as the season's crop starts to come in.,"<p>Help with weeding, watering, and general upkeep as this season's crop starts to come in. Tools and gloves provided.</p>",Community Garden,Volunteering,Community Outreach,quilia-qo6_mo9dsYg-unsplash.jpg,Volunteers working in a garden,,1,,,,,,,Free,,,
Men's Tennis Conference Championships,05/03/2026,,05/03/2026,,1,The team competes for the conference title.,"<p>The team competes in the conference championship tournament, hosted this year on the home courts.</p>",Tennis Complex,Tennis|Men's Sports,Athletics,hoi-pham-eLZwsPO8cCQ-unsplash.jpg,A tennis player mid-serve on the court,,1,,,,,,,,,,
Registration Opens for Summer Session Courses,05/04/2026,,05/04/2026,,1,Registration for summer session courses opens at 9am.,<p>Registration for summer session courses opens at 9am through the student portal; seats in popular sections tend to fill within the first day.</p>,Registrar's Office,,Dates & Deadlines,,,,1,,,,,,,,,,
Women's Swimming & Diving vs. Thornbury,05/04/2026,5:00 PM,05/04/2026,7:00 PM,,Conference matchup against Thornbury.,<p>A conference matchup against Thornbury at the Aquatics Center.</p>,Aquatics Center,Swimming & Diving|Women's Sports,Athletics,serena-repice-lentini-Ue24S2JU81k-unsplash.jpg,A swimmer competing in a pool lane,,1,,,,,,,Free,,,
Computer Science Seminar: Advances in Machine Translation,05/05/2026,4:00 PM,05/05/2026,5:00 PM,,A researcher presents recent progress on low-resource language translation models.,"<p>This seminar covers recent progress on machine translation for low-resource languages, where limited training data has historically produced weaker results than well-represented languages like English or Mandarin.</p><p>The speaker discusses several techniques for improving performance without large parallel corpora, including transfer learning and synthetic data generation, and shares open problems the field is still working through.</p>","Computer Science Building, Room 140",Colloquium,Academic Events,wan-san-yip-ID1yWa1Wpx0-unsplash.jpg,A speaker presenting research to a seated audience,,1,,,,,,,,,,
Men's Rugby Conference Semifinal,05/05/2026,6:00 PM,05/05/2026,8:00 PM,,The team competes in the conference semifinal.,<p>The team competes in the conference semifinal on the intramural pitch.</p>,Intramural Fields,Rugby|Men's Sports,Athletics,davide-buttani-UKWHDxGuQ0k-unsplash.jpg,Rugby players competing on the field,,1,,,,,,,Free,,,
Master of Arts in Educational Leadership | Virtual Info Session,05/06/2026,12:00 PM,05/06/2026,1:00 PM,,An overview of the part-time Master of Arts in Educational Leadership program.,"<p>Designed for working educators, this program overview covers coursework, the required leadership practicum, and how the part-time evening schedule fits around a full-time teaching or administrative role.</p><p>Program staff also cover funding options, including several partial-tuition partnerships with regional school districts.</p>",,Seminar|Info Session,Academic Events,compagnons-eTgMFFzroGc-unsplash.jpg,A laptop set up for a video call,,1,,1,1,https://example.edu/webconference/ma-educational-leadership,Join Online,,,,,
Women's Cross Country Alumnae Fun Run,05/06/2026,,05/06/2026,,1,"Current runners and alumnae take on the home course together, just for fun.","<p>Current team members and returning alumnae run the home course together in an informal, non-competitive fun run, followed by a casual brunch.</p>",Cross Country Course,Cross Country|Alumni,Athletics,jorge-alberto-vega-barrera-1-nuy7fD3fw-unsplash.jpg,Runners competing on a cross country course,,1,,,,,,,,,,
"Museum Exhibit Opening: Layers of Time, New Perspectives on Local Archaeology",05/07/2026,,05/07/2026,,1,"Recent archaeological findings from a nearby excavation site, newly on display.","<p>This exhibit presents recent findings from a nearby excavation site, including tools, pottery fragments, and other artifacts recovered over the past two field seasons, alongside interpretive panels explaining the dig's methodology.</p><p>An opening reception runs from 4 to 6pm with a short talk from the excavation's lead researcher. The exhibit remains open through the end of the academic year.</p>","University Museum, East Gallery",Reception|Exhibit,Open to the Public|Academic Events,zalfa-imani-3hxlxmo2Oc0-unsplash.jpg,Artifacts displayed in museum cases,,1,,,,,,,Free,,,
Men's Water Polo Conference Semifinal,05/07/2026,6:00 PM,05/07/2026,8:00 PM,,The team competes in the conference semifinal.,<p>The team competes in the conference semifinal at the natatorium.</p>,Aquatics Center,Water Polo|Men's Sports,Athletics,emmanuel-lelievre-_yR4z2pn630-unsplash.jpg,Water polo players competing in the pool,,1,,,,,,,Free,,,
Blood Drive: Community Blood Center Visit,05/08/2026,10:00 AM,05/08/2026,4:00 PM,,"A third spring blood drive, held ahead of finals week.","<p>The regional blood center makes one more visit before finals week begins. Appointments are preferred but walk-ins are always welcome.</p><p>Every donor receives a small thank-you gift while supplies last, and returning donors are automatically entered into a drawing for a campus bookstore gift card.</p>","Student Union, Room 150",Service|Blood Drive,Community Outreach,nguy-n-hi-p-ufwC2cmbaaI-unsplash.jpg,A volunteer preparing a blood donation station,,1,,,,,,,Free,,,
Women's Tennis Conference Championships,05/08/2026,,05/08/2026,,1,The team competes for the conference title.,"<p>The team competes in the conference championship tournament, hosted this year on the home courts.</p>",Tennis Complex,Tennis|Women's Sports,Athletics,hoi-pham-eLZwsPO8cCQ-unsplash.jpg,A tennis player mid-serve on the court,,1,,,,,,,,,,
Alumni Career Panel: Paths After Graduation,05/09/2026,11:00 AM,05/09/2026,12:30 PM,,Five alumni across different industries trace how their careers unfolded.,"<p>Five alumni from different graduating years and industries trace how their careers actually unfolded — rarely in a straight line — and what surprised them most in the years right after graduation.</p><p>The panel is aimed at graduating seniors but open to students at any stage, and runs with an informal Q&amp;A for the second half.</p>",Alumni Center,Alumni|Panel,Open to the Public|Community Outreach,darya-tryfanava-d55fhArDES0-unsplash.jpg,Guests mingling and chatting at an event,,1,,,,,,,,,,
Coed Equestrian Conference Championship,05/09/2026,,05/09/2026,,1,Riders compete for the conference title.,<p>Riders compete across several classes for the conference title at this weekend's championship show.</p>,Offsite — Regional Equestrian Center,Equestrian,Athletics,gene-devine-YwjY-8Ivag4-unsplash.jpg,A rider competing on horseback,,1,,,,,,,,,,
Family Weekend Brunch,05/10/2026,10:00 AM,05/10/2026,12:00 PM,,A relaxed outdoor brunch for visiting families as the semester winds down.,"<p>As the semester winds toward finals, this outdoor brunch gives visiting family members a chance to see campus and meet their student's friends and professors in a relaxed setting.</p><p>Seating is first-come, first-served under tents on the quad, with a menu built around make-your-own waffle and omelet stations.</p>",Main Quad,Community,Open to the Public|Student Organizations,element5-digital-jCIMcOpFHig-unsplash.jpg,Families and students gathered together outdoors,,1,,,,,,,Free,,,
Men's Ice Hockey Conference Final,05/10/2026,3:00 PM,05/10/2026,5:00 PM,,The team competes for the conference title.,<p>The team competes for the conference title at the ice arena.</p>,Ice Arena,Ice Hockey|Men's Sports,Athletics,logan-weaver-lgnwvr-GXQP77GIsIU-unsplash.jpg,Ice hockey players competing on the rink,,1,,,,,,,Free,,,
Reading Period Begins — No Classes,05/11/2026,,05/11/2026,,1,Classes are suspended campus-wide to allow time for final exam preparation.,"<p>No classes are held during reading period so students can prepare for final exams and complete remaining coursework. Campus offices and the library remain open, with extended library hours starting today.</p><p>Many departments hold optional review sessions during reading period; check with individual instructors for times and locations, as these are not centrally scheduled.</p>",,Undergraduate|Graduate,Academic Calendar,,,,1,,,,,,,,,,
Late-Night Study Break: Snacks & Stress Relief,05/11/2026,9:00 PM,05/11/2026,11:00 PM,,"Free snacks, coffee, and low-key stress relief activities during reading period.","<p>Student affairs sets up free coffee, snacks, and a handful of low-key stress-relief activities — coloring pages, a puzzle table, a therapy-dog visit — to give students a short break during reading period.</p><p>No sign-up required, drop in any time during the two-hour window.</p>","Student Union, Main Lounge",Wellness|Student Event,Community Outreach|Student Organizations,jared-rice-xce530fBHrk-unsplash.jpg,Tables set up with snacks and stress-relief activities,,1,,,,,,,Free,,,
Wellness Workshop: Mindful Breathing for Finals,05/12/2026,12:00 PM,05/12/2026,1:00 PM,,A guided drop-in session on simple breathing techniques for exam stress.,"<p>Led by the wellness center, this guided session covers a few simple breathing techniques that can be used discreetly during an exam or study session to reduce acute stress.</p><p>Mats are provided, but the techniques work just as well seated at a desk, which the instructor demonstrates toward the end of the session.</p>",Wellness Center Studio,Wellness,Community Outreach,naassom-azevedo-Q_Sei-TqSlc-unsplash.jpg,A person sitting quietly outdoors,,1,,,,,,,Free,,,
Women's Swimming & Diving Conference Championships (Day 1),05/12/2026,,05/12/2026,,1,Preliminary heats and diving rounds open the conference championships.,"<p>Preliminary heats and diving rounds open the two-day conference championship meet, hosted this year at the home pool.</p>",Aquatics Center,Swimming & Diving|Women's Sports,Athletics,serena-repice-lentini-Ue24S2JU81k-unsplash.jpg,A swimmer competing in a pool lane,,1,,,,,,,,,,
Final Examination Period Begins,05/13/2026,,05/13/2026,,1,Final exams begin campus-wide and run through the end of the exam period.,"<p>Final exams begin today and continue through the end of the scheduled exam period. Check the registrar's posted exam schedule for individual course times and room assignments.</p><p>Students with three or more exams scheduled on the same day, or two exams scheduled at the same time, should contact the registrar's office as soon as possible to request a conflict accommodation.</p>",,Undergraduate|Graduate,Academic Calendar,,,,1,,,,,,,,,,
Women's Swimming & Diving Conference Championships (Day 2),05/13/2026,,05/13/2026,,1,Finals conclude the conference championship meet.,"<p>Championship finals wrap up the two-day meet, with team standings decided over the course of the afternoon.</p>",Aquatics Center,Swimming & Diving|Women's Sports,Athletics,serena-repice-lentini-Ue24S2JU81k-unsplash.jpg,A swimmer competing in a pool lane,,1,,,,,,,,,,
24-Hour Study Lounge Extended Hours Begin,05/14/2026,,05/14/2026,,1,The library's main study lounge stays open around the clock through the end of exams.,"<p>The library's main study lounge switches to 24-hour access through the end of the exam period, with free coffee available after regular library hours.</p><p>A campus safety officer is stationed near the entrance overnight, and the lounge's side door is card-access only between midnight and 6am for building security.</p>","Library, Main Study Lounge",Wellness,Community Outreach|Academic Calendar,,,,1,,,,,,,,,,
Men's Rugby Conference Championship,05/14/2026,6:00 PM,05/14/2026,8:00 PM,,The team competes for the conference title.,<p>The team competes for the conference title on the intramural pitch.</p>,Intramural Fields,Rugby|Men's Sports,Athletics,davide-buttani-UKWHDxGuQ0k-unsplash.jpg,Rugby players competing on the field,,1,,,,,,,Free,,,
Peer Support Circle,05/15/2026,3:00 PM,05/15/2026,4:00 PM,,"A peer-led, drop-in space for anyone who wants to talk through exam-week stress.","<p>With finals in full swing, this week's circle leans into exam-week stress specifically, though as always the conversation goes wherever attendees need it to go.</p><p>Trained student facilitators keep the space confidential and low-pressure; no sign-up required.</p>",Wellness Center Studio,Community|Wellness,Community Outreach,hannah-busing-Zyx1bK9mqmA-unsplash.jpg,A small group seated together in conversation,,1,,,,,,,Free,,,
Coed Sailing at Season-Ending Regatta,05/15/2026,,05/15/2026,,1,The team closes out its season at the final regatta of the year.,"<p>The team closes out its season at this final regatta, hosted at a neighboring club's marina.</p>",Offsite — Regional Sailing Center,Sailing,Athletics,ed-wingate-80lWoMl9guA-unsplash.jpg,Sailboats racing on open water,,1,,,,,,,,,,
Senior Athletics Awards Banquet,05/16/2026,6:00 PM,05/16/2026,8:30 PM,,An evening honoring graduating student-athletes across every varsity program.,"<p>Coaches and teammates gather to honor graduating student-athletes from every varsity program, with short remarks from each team's head coach and a few student speakers.</p><p>Dinner is served followed by a short awards presentation recognizing academic and athletic achievement across the season. Family members of graduating athletes are welcome to attend.</p>",Student Union Ballroom,Alumni,Athletics|Open to the Public,the-jopwell-collection-0UnuYI_HrTA-unsplash.jpg,Guests in conversation at an evening reception,1,1,,,,,,,Free,,,
Women's Equestrian Season Finale,05/16/2026,,05/16/2026,,1,The team closes out its season at the year's final show.,"<p>Riders close out the season at this final show of the year, hosted at a nearby equestrian center.</p>",Offsite — Regional Equestrian Center,Equestrian|Women's Sports,Athletics,gene-devine-YwjY-8Ivag4-unsplash.jpg,A rider competing on horseback,,1,,,,,,,,,,
Community Connections Mixer,05/17/2026,2:00 PM,05/17/2026,4:00 PM,,The semester's last drop-in mixer before finals wrap up.,"<p>This is the last mixer of the semester before everyone scatters for the summer, so it tends to run a little longer and a little louder than usual. Same easy format: light snacks, no obligation, come and go as you please.</p>","Student Union, Room 230",Community,Open to the Public|Student Organizations,hannah-busing-Zyx1bK9mqmA-unsplash.jpg,A small group seated together in conversation,,1,,,,,,,Free,,,
Women's Ice Hockey Senior Day,05/17/2026,1:00 PM,05/17/2026,3:00 PM,,The final home game of the season honors the graduating seniors.,<p>The final home game of the season honors the team's graduating seniors before puck drop.</p>,Ice Arena,Ice Hockey|Women's Sports,Athletics,logan-weaver-lgnwvr-GXQP77GIsIU-unsplash.jpg,Ice hockey players competing on the rink,,1,,,,,,,Free,,,
Final Examination Period Continues,05/18/2026,,05/18/2026,,1,Final exams continue through the end of the scheduled exam period.,<p>Final exams continue today; check the registrar's posted exam schedule for individual course times and room assignments.</p>,,Undergraduate|Graduate,Academic Calendar,,,,1,,,,,,,,,,
Late-Night Study Break: Breakfast for Dinner,05/18/2026,9:00 PM,05/18/2026,11:00 PM,,A free breakfast-for-dinner study break during the last stretch of exams.,"<p>Student affairs closes out the semester's study-break series with a free breakfast-for-dinner spread — pancakes, eggs, and coffee — to help fuel the last stretch of exams.</p><p>No sign-up required, drop in any time during the two-hour window.</p>","Student Union, Main Lounge",Wellness|Student Event,Community Outreach|Student Organizations,jared-rice-xce530fBHrk-unsplash.jpg,Tables set up with snacks and stress-relief activities,,1,,,,,,,Free,,,
Last Day of Final Examinations,05/19/2026,,05/19/2026,,1,The final day of the scheduled exam period.,<p>Today marks the last day of the scheduled final exam period. Grades are typically posted within a week of the exam period's close.</p>,,Undergraduate|Graduate,Academic Calendar,,,,1,,,,,,,,,,
Commencement Rehearsal,05/19/2026,10:00 AM,05/19/2026,12:00 PM,,A required walkthrough for graduating students planning to participate in commencement.,"<p>Graduating students planning to walk in Sunday's ceremony should attend this required walkthrough covering lineup order, seating, and procession logistics.</p><p>Caps, gowns, and hoods can be picked up immediately afterward at the bookstore for anyone who hasn't already collected regalia.</p>",Main Auditorium,,Academic Calendar,,,,1,,,,,,,,,,
Senior Class Toast,05/20/2026,5:00 PM,05/20/2026,6:30 PM,,"A celebratory toast for the graduating class, hosted by the alumni association.","<p>The alumni association hosts a celebratory toast for the graduating class on the eve of commencement week, with a few short remarks from the class's student speakers and a slideshow of photos submitted throughout the year.</p><p>Family members are welcome, and light refreshments are served on the terrace, weather permitting.</p>",Alumni Center,Community,Open to the Public|Student Organizations,vitaly-gariev-N9GPReiNkt0-unsplash.jpg,Guests in conversation at a reception,1,1,,,,,,,Free,,,
Residence Halls Close for Non-Graduates,05/20/2026,,05/20/2026,,1,Non-graduating students must check out of residence halls by 5pm today.,<p>All non-graduating students must check out of residence halls by 5pm today; graduating seniors participating in commencement may remain through Sunday evening.</p><p>Students needing a short extension for travel reasons should contact their residence hall office in advance — same-day extension requests are rarely able to be accommodated.</p>,Housing Office,,Dates & Deadlines,,,,1,,,,,,,,,,
Baccalaureate Service,05/21/2026,4:00 PM,05/21/2026,5:30 PM,,"A multi-faith service reflecting on the graduating class's time on campus, open to all.","<p>This multi-faith service brings together chaplains from several traditions for readings and reflection on the graduating class's time on campus. The service is open to graduates, families, and the wider campus community regardless of religious background.</p><p>Seating is general admission; doors open thirty minutes before the service begins.</p>",Main Auditorium,Community,Open to the Public|Academic Calendar,hannah-busing-Zyx1bK9mqmA-unsplash.jpg,A small group gathered together in a quiet hall,,1,,,,,,,Free,,,
Move-Out Help Squad Volunteer Shift,05/21/2026,9:00 AM,05/21/2026,1:00 PM,,Volunteers help students haul boxes and furniture during move-out.,"<p>Volunteers help students haul boxes, furniture, and mini-fridges from residence halls to cars and moving trucks during the busiest move-out days of the year.</p><p>Shifts are staffed by student athletes and club members who sign up in advance, but sign-up isn't required to pitch in — extra hands are always welcome.</p>",Residence Hall Quad,Volunteering,Community Outreach,logan-kuzyk-V3OYOpmY2Vk-unsplash.jpg,Volunteers helping carry boxes outdoors,,1,,,,,,,Free,,,
Grand Reception for Graduating Seniors,05/22/2026,5:00 PM,05/22/2026,7:00 PM,,A formal reception welcoming graduating seniors into the alumni community.,"<p>The alumni association formally welcomes graduating seniors into the alumni community with a reception the evening before commencement, complete with a photo backdrop and a keepsake pin for each graduate.</p><p>Faculty and staff are invited to attend and see off the students they've worked with over the past several years.</p>",Alumni Center,Alumni|Service,Open to the Public|Community Outreach,2h-media-rqZaKEjRrdQ-unsplash.jpg,Guests in conversation at a reception,1,1,,,,,,,Free,,,
Athletics Hall of Fame Induction Dinner,05/22/2026,6:30 PM,05/22/2026,9:00 PM,,This year's Athletics Hall of Fame class is formally inducted at a dinner ceremony.,"<p>This year's Athletics Hall of Fame class is formally inducted at a dinner ceremony, with remarks from current coaching staff and video tributes highlighting each inductee's career on campus.</p><p>Tickets are available through the athletics department; proceeds support student-athlete scholarships.</p>","Fieldhouse Arena, Club Level",Alumni,Athletics|Open to the Public,the-jopwell-collection-0UnuYI_HrTA-unsplash.jpg,Guests in conversation at an evening reception,,1,,,,,,,$40,,,
Women's Lacrosse vs. Silverton,05/23/2026,1:00 PM,05/23/2026,3:00 PM,,A season-closing matchup against Silverton.,<p>A season-closing matchup against Silverton on the main athletics field.</p>,"Athletics Complex, Turf Field",Lacrosse|Women's Sports,Athletics,jeffrey-f-lin-ghbW5qujVdU-unsplash.jpg,Lacrosse players competing on the field,,1,,,,,,,Free,,,
Commencement Eve Fireworks & Family Picnic,05/23/2026,6:00 PM,05/23/2026,9:00 PM,,A casual picnic on the quad capped off with a fireworks display.,"<p>Graduates and their families gather for a casual picnic dinner on the quad, capped off with a fireworks display once the sun goes down. Food trucks and lawn games are set up throughout the evening.</p><p>Blankets and low chairs are welcome; the quad fills up quickly, so arriving early for a good spot is recommended.</p>",Main Quad,Community,Open to the Public|Student Organizations,element5-digital-jCIMcOpFHig-unsplash.jpg,Families and students gathered together outdoors,,1,,,,,,,Free,,,
Commencement,05/24/2026,10:00 AM,05/24/2026,12:00 PM,,"The university's formal commencement ceremony, conferring degrees on this year's graduating class.","<p>The formal commencement ceremony conferring degrees on this year's graduating class caps off the academic year. The ceremony includes remarks from a keynote speaker, conferral of honorary degrees, and the reading of each graduate's name as they cross the stage.</p><p>Seating for family and friends is general admission on the main lawn, with an overflow livestream available on the large screens near the north entrance for guests who arrive after the reserved sections fill.</p><p>A campus-wide reception follows immediately after the ceremony, with light refreshments served across several locations near the main quad.</p>",Main Quad,Commencement,Open to the Public|Academic Calendar,owen-yin-qfTrgRUXLWA-unsplash.jpg,Rows of graduates seated at a ceremony,1,1,,,,,,,Free,,,
Campus Closed: Move-Out Weekend,05/24/2026,,05/24/2026,,1,Most campus offices are closed as the academic year wraps up.,<p>Most administrative offices are closed today as the academic year wraps up; residence halls close for the summer by 5pm for any remaining graduates.</p><p>Summer session classes begin the following week for students staying on or returning early; check the summer academic calendar for specific start dates by course.</p>,,,Academic Calendar,,,,1,,,,,,,,,,
