Field 2,Field 3,custom_web_address
"1100 East 57th Street, Chicago, IL 60637 (Franke Institute for the Humanities)","1100 East 57th Street, Rm S-102",http://maps.uchicago.edu/north/rlibrary.html
"5235 S. Harper Ct. Chicago, IL, 60615",,https://maps.uchicago.edu/?location=Harper+Court
"5710 South Woodlawn Avenue, Room 005 (RSO Office)","5710 South Woodlawn Avenue, Chicago, IL",http://maps.uchicago.edu/eastquad/events.html
"5710 South Woodlawn Avenue, Room 007 (RSO Conference Room)","5710 South Woodlawn Avenue, Chicago, IL",http://maps.uchicago.edu/eastquad/events.html
"5710 South Woodlawn Avenue, Room 102 (Shared Meeting Room)","5710 South Woodlawn Avenue, Chicago, IL",http://maps.uchicago.edu/eastquad/events.html
"5710 South Woodlawn Avenue, Room 107 (Community Lounge)","5710 South Woodlawn Avenue, Chicago, IL",http://maps.uchicago.edu/eastquad/events.html
"5710 South Woodlawn Avenue, Room 201 (Conference Room)","5710 South Woodlawn Avenue, Chicago, IL",http://maps.uchicago.edu/eastquad/events.html
"5710 South Woodlawn Avenue, Room 301 (LGBTQ Lounge)","5710 South Woodlawn Avenue, Chicago, IL",http://maps.uchicago.edu/eastquad/events.html
"5710 South Woodlawn Avenue, Room 302 (Amandla Lounge)","5710 South Woodlawn Avenue, Chicago, IL",http://maps.uchicago.edu/eastquad/events.html
"5727 South University Avenue, Math/Stat Building (Computer Lab)","5727 S University Ave, Chicago, IL 60637",http://maps.uchicago.edu/eastquad/statmath.html
"5727 South University Avenue, Math/Stat Building (Lecture Hall)","5727 S University Ave, Chicago, IL 60637",http://maps.uchicago.edu/eastquad/statmath.html
"5727 South University Avenue, Math/Stat Building (Library)","5727 S University Ave, Chicago, IL 60637",http://maps.uchicago.edu/eastquad/statmath.html
5734 S. Ellis Av. Hind Laboratory for Geophysical Sciences Room 158,5734 S. Ellis Av. Hind Laboratory for Geophysical Sciences Room 158,http://maps.uchicago.edu/westquad/
5737 S. University,"5737 S. University Avenue, Chicago, IL 60637",https://maps.uchicago.edu/?location=Institute+on+the+Formation+of+Knowledge
57th Street Books,,
"5811 S Ellis Ave, Room 211","5811 S Ellis Ave. Chicago, IL 60637",https://maps.uchicago.edu/location/cobb-lecture-hall/
"5811 S Ellis Ave, Room 307","5811 S Ellis Ave. Chicago, IL 60637",http://maps.uchicago.edu/mainquad/cobbhall.html
University of Chicago Hospitals Program on Medicine and Religion,"5841 S. Maryland Ave, Chicago, IL 60637",pmr.uchicago.edu
"6045 South Kenwood Avenue, Room 105","6045 South Kenwood Avenue, Chicago, IL",http://maps.uchicago.edu/farsoutheast/kenwood.html
"6045 South Kenwood Avenue, Room 105A","6045 South Kenwood Avenue, Chicago, IL",http://maps.uchicago.edu/farsoutheast/kenwood.html
"6045 South Kenwood Avenue, Room 105B","6045 South Kenwood Avenue, Chicago, IL",http://maps.uchicago.edu/farsoutheast/kenwood.html
"6045 South Kenwood Avenue, Room 105C","6045 South Kenwood Avenue, Chicago, IL",http://maps.uchicago.edu/farsoutheast/kenwood.html
"6045 South Kenwood Avenue, Room 105D","6045 South Kenwood Avenue, Chicago, IL",http://maps.uchicago.edu/farsoutheast/kenwood.html
"6045 South Kenwood Avenue, Room 107","6045 South Kenwood Avenue, Room 107",http://maps.uchicago.edu/farsoutheast/kenwood.html
"6045 South Kenwood Avenue, Room 115","6045 South Kenwood Avenue, Chicago, IL",http://maps.uchicago.edu/farsoutheast/kenwood.html
"6045 South Kenwood Avenue, Room 119","6045 South Kenwood Avenue, Chicago, IL",http://maps.uchicago.edu/farsoutheast/kenwood.html
"6054 South Drexel Avenue, Conference Room 341","6054 South Drexel Avenue, Chicago, IL",https://maps.uchicago.edu/?location=61st+and+Drexel+Office+Building
"6054 South Drexel Avenue, Room 144","6054 South Drexel Avenue, Chicago, IL",http://maps.uchicago.edu/southwest/
"6054 South Drexel Avenue, Room 144A","6054 South Drexel Avenue, Chicago, IL",http://maps.uchicago.edu/southwest/
"6054 South Drexel Avenue, Room 144B","6054 South Drexel Avenue, Chicago, IL",http://maps.uchicago.edu/southwest/
"6054 South Drexel Avenue, Room 146","6054 South Drexel Avenue, Chicago, IL",http://maps.uchicago.edu/southwest/
"6054 South Drexel Avenue, Room 148","6054 South Drexel Avenue, Chicago, IL",http://maps.uchicago.edu/southwest/
"6054 South Drexel Avenue, Room 149","6054 South Drexel Avenue, Chicago, IL",http://maps.uchicago.edu/southwest/
"6054 South Drexel Avenue, Room 241","6054 South Drexel Avenue, Chicago, IL",http://maps.uchicago.edu/southwest/drexel.html
"6054 South Drexel Avenue, Suite 300","6054 South Drexel Avenue, Chicago, IL",http://maps.uchicago.edu/southwest/
Accelerator Building,"5640 South Ellis Avenue, Chicago, IL",http://maps.uchicago.edu/northwest/research.html
"Administration Building, Suite 200","5801 South Ellis Avenue, Chicago, IL",http://maps.uchicago.edu/mainquad/admin.html
"Administration Building, Suite 417","5801 South Ellis Avenue, Chicago, IL",http://maps.uchicago.edu/mainquad/admin.html
"Advanced Photon Source, Building 434","9700 South Cass Avenue, Argonne, IL",http://cars.uchicago.edu
All Residential Dining Halls,,
"Alumni House, Conference Room","5555 South Woodlawn Avenue, Chicago, IL",http://maps.uchicago.edu/north/alumnihouse.html
"Alumni House, Library","5555 South Woodlawn Avenue, Chicago, IL",http://maps.uchicago.edu/north/alumnihouse.html
"American School, Room 110","850 East 58th Street, Chicago, IL",http://maps.uchicago.edu/westquad/amschool.html
Argonne National Laboratory,"Argonne, IL 60439",http://www.anl.gov/
"Argonne National Laboratory, Bldg 401, Room A1100",,aps.anl.gov
"Argonne National Laboratory, Building 240",,
"Argonne National Laboratory, Building 402 APS Auditorium",,
Arley D. Cathey Dining Commons,"6025 S. Ellis Avenue, Chicago, IL 60637",http://maps.uchicago.edu/south/bjcourts.html
"Arts Incubator, Washington Park","301 E. Garfield Blvd., Washington Park, Chicago, IL",
Auditorium,"1111 East 60th Street, Chicago, IL",http://maps.uchicago.edu/south/lairdbll.html
Bartlett Dining Commons,"5640 South University Avenue, Chicago, IL",http://maps.uchicago.edu/north/bartlett.html
"Bartlett Dining Commons, Arts Rehearsal Space","5640 South University Avenue, Chicago, IL",http://maps.uchicago.edu/north/bartlett.html
"Bartlett Dining Commons, Lounge","5640 South University Avenue, Chicago, IL",http://maps.uchicago.edu/north/bartlett.html
Bartlett Quad,,"http://maps.google.com/maps/ms?ie=UTF8&hl=en&msa=0&ll=41.792489,-87.599096&spn=0.0023,0.004876&z=18&msid=112106965123750206647.00044d12fd668cf60f489"
"Beecher Hall, Room 101","5844 South University Avenue, Chicago, IL",http://maps.uchicago.edu/mainquad/beecher.html
"Beecher Hall, Room 102","5844 South University Avenue, Chicago, IL",http://maps.uchicago.edu/mainquad/beecher.html
"Bernard Mitchell Hospital, Room TN208","5815 South Maryland Avenue, Chicago, IL",http://maps.uchicago.edu/westquad/mitchell.html
"Bernard Mitchell Hospital, TW-040","5815 South Maryland Avenue, Chicago, IL",http://maps.uchicago.edu/westquad/mitchell.html
"Billing Hospital, Room L272","950 East 59th Street, Chicago, IL 60637",http://maps.uchicago.edu/westquad/billings.html
"Billings Hospital, Room MC 7132","950 East 59th Street, Chicago, IL",http://maps.uchicago.edu/westquad/billings.html
"Billings Hospital, Room E-215","950 East 59th Street, Chicago, IL",http://maps.uchicago.edu/westquad/billings.html
"Billings Hospital, Room G-217","950 East 59th Street, Chicago, IL",http://maps.uchicago.edu/westquad/billings.html
"Billings Hospital, Room H-103","950 East 59th Street, Chicago, IL",http://maps.uchicago.edu/westquad/billings.html
"Billings Hospital, Room H-300","950 East 59th Street, Chicago, IL",http://maps.uchicago.edu/westquad/billings.html
"Billings Hospital, Room J-103","950 East 59th Street, Chicago, IL",http://maps.uchicago.edu/westquad/billings.html
"Billings Hospital, Room L-168","950 East 59th Street, Chicago, IL",http://maps.uchicago.edu/westquad/billings.html
"Billings Hospital, Room L272","950 East 59th Street, Chicago, IL 60637",http://maps.uchicago.edu/westquad/billings.html
"Billings Hospital, Room L316","950 East 59th Street, Chicago, IL 60637",http://maps.uchicago.edu/westquad/billings.html
"Billings Hospital, Room M137","950 East 59th Street, Chicago, IL",http://maps.uchicago.edu/westquad/billings.html
"Billings Hospital, Room M214","950 East 59th Street, Chicago, IL 60637",http://maps.uchicago.edu/westquad/billings.html
"Billings Hospital, Room N701","950 East 59th Street, Chicago, IL",http://maps.uchicago.edu/westquad/billings.html
"Billings Hospital, Room N704","950 East 59th Street, Chicago, IL",http://maps.uchicago.edu/westquad/billings.html
"Billings Hospital, Room O-413","950 East 59th Street, Chicago, IL",http://maps.uchicago.edu/westquad/billings.html
"Billings Hospital, Room P-110","950 East 59th Street, Chicago, IL",http://maps.uchicago.edu/westquad/billings.html
"Billings Hospital, Room P-117","950 East 59th Street, Chicago, IL",http://maps.uchicago.edu/westquad/billings.html
"Billings Hospital, Room P118 (Kodak)","950 East 59th Street, Chicago, IL",http://maps.uchicago.edu/westquad/billings.html
"Billings Hospital, Room Q207B (AMB)","950 East 59th Street, Chicago, IL",http://maps.uchicago.edu/westquad/billings.html
"Billings Hospital, Room Q217","950 East 59th Street, Chicago, IL",http://maps.uchicago.edu/westquad/billings.html
"Billings Hospital, Room W229","950 East 59th Street, Chicago, IL 60637",http://maps.uchicago.edu/westquad/billings.html
"Billings Hospital, Room W632","950 East 59th Street, Chicago, IL",http://maps.uchicago.edu/westquad/billings.html
Billings Hospital. Room P-315,"950 East 59th Street, Chicago, IL 60637",http://maps.uchicago.edu/westquad/billings.html
"Biological Sciences Learning Center, Lobby","924 East 57th Street, Chicago, IL",http://maps.uchicago.edu/northwest/bsdlearn.html
"Biological Sciences Learning Center, Room 001","924 East 57th Street, Chicago, IL",http://maps.uchicago.edu/northwest/bsdlearn.html
"Biological Sciences Learning Center, Room 008","924 East 57th Street, Chicago, IL",http://maps.uchicago.edu/northwest/bsdlearn.html
"Biological Sciences Learning Center, Room 009","924 East 57th Street, Chicago, IL",http://maps.uchicago.edu/northwest/bsdlearn.html
"Biological Sciences Learning Center, Room 018","924 East 57th Street, Chicago, IL",http://maps.uchicago.edu/northwest/bsdlearn.html
"Biological Sciences Learning Center, Room 104","924 East 57th Street, Chicago, IL",http://maps.uchicago.edu/northwest/bsdlearn.html
"Biological Sciences Learning Center, Room 109","924 East 57th Street, Chicago, IL",http://maps.uchicago.edu/northwest/bsdlearn.html
"Biological Sciences Learning Center, Room 115","924 East 57th Street, Chicago, IL",http://maps.uchicago.edu/northwest/bsdlearn.html
"Biological Sciences Learning Center, Room 202","924 East 57th Street, Chicago, IL",http://maps.uchicago.edu/northwest/bsdlearn.html
"Biological Sciences Learning Center, Room 205","924 East 57th Street, Chicago, IL",http://maps.uchicago.edu/northwest/bsdlearn.html
"Biological Sciences Learning Center, Room 218","924 East 57th Street, Chicago, IL",http://maps.uchicago.edu/northwest/bsdlearn.html
"Biological Sciences Learning Center, Room 240","924 East 57th Street, Chicago, IL",http://maps.uchicago.edu/northwest/bsdlearn.html
"Biological Sciences Learning Center, Room 313","924 East 57th Street, Chicago IL",http://maps.uchicago.edu/northwest/bsdlearn.html
"Biopsychological Research Building, Rm 122/Seminar Room 940","940 East 57th Street, Chicago, IL",http://maps.uchicago.edu/northwest/allee.html
"Biopsychological Research Building, Room 122","940 East 57th Street, Chicago, IL 60637",http://maps.uchicago.edu/northwest/allee.html
Bond Chapel,"1050 East 59th Street, Chicago, IL",http://maps.uchicago.edu/mainquad/bond.html
"Bookstore, First Floor","970 East 58th Street, Chicago, IL",http://maps.uchicago.edu/westquad/bookstor.html
"Bookstore, Third Floor","970 East 58th Street, Chicago, IL",http://maps.uchicago.edu/westquad/bookstor.html
Botany Pond,,"http://maps.google.com/maps/ms?hl=en&ie=UTF8&msa=0&ll=41.791441,-87.599552&spn=0.002084,0.003541&z=18&msid=112106965123750206647.00044caee994200f501bd"
Brent House,"5540 South Woodlawn Avenue, Chicago, IL",http://maps.uchicago.edu/north/brent.html
"Building 1155, Room 313","1155 East 60th Street, Chicago, IL",http://maps.uchicago.edu/south/1155.html
"Building 1155, Room 314","1155 East 60th Street, Chicago, IL",http://maps.uchicago.edu/south/1155.html
Calvert House,"5735 South University Avenue, Chicago, IL",http://maps.uchicago.edu/eastquad/calvert.html
Cancer Resource Center Room #1005,5758 South Maryland Avenue,http://uccrc.uchicago.edu/
Center For Care and Discovery,,
Center for College Student Success,"Harper Memorial Library, W406",https://maps.uchicago.edu/?location=Harper+Memorial+Library
Center for East Asian Studies,,maps.uchicago.edu
Center for Elementary Math & Science Education (CEMSE),"Room 304, 1225 East 60th Street, Chicago, IL",http://maps.uchicago.edu/southeastcampus/
Center for Middle Eastern Studies,"Pick Hall 201, 5828 S. University Ave.",http://maps.uchicago.edu/mainquad/pickhall.html
Center in Beijing,"20th floor, Culture Plaza No. 59A Zhong Guan Cun Street Haidian District Beijing 100872 People's Republic of China",http://www.uchicago.cn/
Center in Delhi,"DLF Capitol Point, Baba Kharak Singh Marg, New Delhi, India 110001",http://www.uchicago.in/
Center in Hong Kong,"Level 6, Cyberport 2 100 Cyberport Rd Hong Kong",http://uchicago.hk/
Center in Paris,"6, rue Thomas Mann, 75013 Paris, France","http://maps.google.com/maps/place?cid=11730542604867957136&q=university+of+chicago+center+in+paris,+paris+france&hl=en&cd=1&cad=src:ppiwlink&ei=YpeVT5n_HMPAwAGGxqC4CA&sig2=sS1hwoOg-OT-05e1OxQksg"
"Centers for Gender/Race Studies, Community Room (105)","5733 South University, Chicago, IL",http://maps.uchicago.edu/eastquad/centers.html
"Centers for Gender/Race Studies, First Floor Seminar Room (103)","5733 South University, Chicago, IL",http://maps.uchicago.edu/eastquad/centers.html
"Centers for Gender/Race Studies, Lower Level Seminar Room (003)","5733 South University Avenue, Chicago, IL",http://maps.uchicago.edu/eastquad/centers.html
"Centers for Gender/Race Studies, Second Floor","5733 South University, Chicago, IL",http://maps.uchicago.edu/eastquad/centers.html
"Centers for Gender/Race Studies, Third Floor","5733 South University, Chicago, IL",http://maps.uchicago.edu/eastquad/centers.html
Chapin Hall,"1313 East 60th Street, Chicago, IL",
"Chapin Hall, Richman Conference Room","1313 East 60th Street Chicago, IL",http://maps.uchicago.edu/farsoutheast/chapin.html
"Chapin Hall, Room 112","Merriam Center for Public Administration 1313 East 60th Street Chicago, IL 60637",http://maps.uchicago.edu/farsoutheast/chapin.html
"Chapin Hall, Room 250",,http://maps.uchicago.edu/farsoutheast/chapin.html
Charles M. Harper Center,"5807 South Woodlawn Avenue, Chicago, IL",http://maps.uchicago.edu/eastquad/business.html
Charles M. Harper Center C-07,"5807 South Woodlawn Avenue, Chicago, IL",http://maps.uchicago.edu/eastquad/business.html
Charles M. Harper Center C-08,"5807 South Woodlawn Avenue, Chicago, IL",http://maps.uchicago.edu/eastquad/business.html
"Charles M. Harper Center, Room 104","5807 South Woodlawn Avenue, Chicago, IL",http://maps.uchicago.edu/eastquad/business.html
"Charles M. Harper Center, Room C25","5807 South Woodlawn Avenue, Chicago, IL",http://maps.uchicago.edu/eastquad/business.html
"Charles M. Harper Center, Suite 219","5807 South Woodlawn Avenue, Chicago, IL",http://maps.uchicago.edu/eastquad/business.html
"Charles Stewart Mott Building, Room 20","1225 East 60th Street, Chicago, IL",http://maps.uchicago.edu/southeastcampus/mott.html
"Charles Stewart Mott Building, Room 304","1225 East 60th Street, Chicago, IL",http://maps.uchicago.edu/southeastcampus/mott.html
"Chicago Lying-In Building, Courtyard","5841 South Maryland Avenue, Chicago, IL",http://maps.uchicago.edu/westquad/lying_in.html
"Chicago Lying-In Building, L272 (OBGYN Conference Room)","5841 South Maryland Avenue, Chicago, IL",http://maps.uchicago.edu/westquad/lying_in.html
"Chicago Lying-In Building, Room 6NE","5841 S Maryland Ave. Chicago, IL",http://maps.uchicago.edu/westquad/lying_in.html
"Chicago Lying-In Building, Room L168 (Dora DeLee Hall)","5841 South Maryland Avenue, Chicago, IL",http://maps.uchicago.edu/westquad/lying_in.html
"Classics Building, Anscome Lounge, Room 121","1010 East 59th Street, Chicago, IL",http://maps.uchicago.edu/mainquad/classics.html
"Classics Building, Room 101","1010 East 59th Street, Chicago, IL",http://maps.uchicago.edu/mainquad/classics.html
"Classics Building, Room 110","1010 East 59th Street, Chicago, IL",http://maps.uchicago.edu/mainquad/classics.html
"Classics Building, Room 113","1010 East 59th Street, Chicago, IL",http://maps.uchicago.edu/mainquad/classics.html
"Classics Building, Room 117","1010 East 59th Street, Chicago, IL",http://maps.uchicago.edu/mainquad/classics.html
"Classics Building, Room 21","1010 East 59th Street, Chicago, IL",http://maps.uchicago.edu/mainquad/classics.html
"Classics Building, Room 221","1010 East 59th Street, Chicago, IL",http://maps.uchicago.edu/mainquad/classics.html
"Classics Building, Room 312","1010 East 59th Street, Chicago, IL",http://maps.uchicago.edu/mainquad/classics.html
Classics Quad,,"http://maps.google.com/maps/ms?ie=UTF8&hl=en&msa=0&msid=112106965123750206647.00044d130b974a41dfbf1&ll=41.788869,-87.599444&spn=0.0023,0.004876&z=18"
"Cobb Lecture Hall, Room 101","5811 South Ellis Avenue, Chicago, IL",http://maps.uchicago.edu/mainquad/cobbhall.html
"Cobb Lecture Hall, Room 102","5811 South Ellis Avenue, Chicago, IL",http://maps.uchicago.edu/mainquad/cobbhall.html
"Cobb Lecture Hall, Room 103","5811 South Ellis Avenue, Chicago, IL",http://maps.uchicago.edu/mainquad/cobbhall.html
"Cobb Lecture Hall, Room 104","5811 South Ellis Avenue, Chicago, IL",http://maps.uchicago.edu/mainquad/cobbhall.html
"Cobb Lecture Hall, Room 106","5811 South Ellis Avenue, Chicago, IL",http://maps.uchicago.edu/mainquad/cobbhall.html
"Cobb Lecture Hall, Room 107","5811 South Ellis Avenue, Chicago, IL",http://maps.uchicago.edu/mainquad/cobbhall.html
"Cobb Lecture Hall, Room 110","5811 South Ellis Avenue, Chicago, IL",http://maps.uchicago.edu/mainquad/cobbhall.html
"Cobb Lecture Hall, Room 112","5811 South Ellis Avenue, Chicago, IL",http://maps.uchicago.edu/mainquad/cobbhall.html
"Cobb Lecture Hall, Room 115","5811 South Ellis Avenue, Chicago, IL",http://maps.uchicago.edu/mainquad/cobbhall.html
"Cobb Lecture Hall, Room 116","5811 South Ellis Avenue, Chicago, IL",http://maps.uchicago.edu/mainquad/cobbhall.html
"Cobb Lecture Hall, Room 119","5811 South Ellis Avenue, Chicago, IL",http://maps.uchicago.edu/mainquad/cobbhall.html
"Cobb Lecture Hall, Room 201 A-B","5811 South Ellis Avenue, Chicago, IL",http://maps.uchicago.edu/mainquad/cobbhall.html
"Cobb Lecture Hall, Room 201 B-C","5811 South Ellis Avenue, Chicago, IL",http://maps.uchicago.edu/mainquad/cobbhall.html
"Cobb Lecture Hall, Room 202","5811 South Ellis Avenue, Chicago, IL",http://maps.uchicago.edu/mainquad/cobbhall.html
"Cobb Lecture Hall, Room 203","5811 South Ellis Avenue, Chicago, IL",http://maps.uchicago.edu/mainquad/cobbhall.html
"Cobb Lecture Hall, Room 205","5811 South Ellis Avenue, Chicago, IL",http://maps.uchicago.edu/mainquad/cobbhall.html
"Cobb Lecture Hall, Room 208","5811 South Ellis Avenue, Chicago, IL",http://maps.uchicago.edu/mainquad/cobbhall.html
"Cobb Lecture Hall, Room 210","5811 South Ellis Avenue, Chicago IL",http://maps.uchicago.edu/mainquad/cobbhall.html
"Cobb Lecture Hall, Room 218","5811 South Ellis Avenue, Chicago, IL",http://maps.uchicago.edu/mainquad/cobbhall.html
"Cobb Lecture Hall, Room 219","5811 South Ellis Avenue, Chicago, IL",http://maps.uchicago.edu/mainquad/cobbhall.html
"Cobb Lecture Hall, Room 224","5811 South Ellis Avenue, Chicago, IL",http://maps.uchicago.edu/mainquad/cobbhall.html
"Cobb Lecture Hall, Room 228","5811 South Ellis Avenue, Chicago, IL",http://maps.uchicago.edu/mainquad/cobbhall.html
"Cobb Lecture Hall, Room 301","5811 South Ellis Avenue, Chicago, IL",http://maps.uchicago.edu/mainquad/cobbhall.html
"Cobb Lecture Hall, Room 302","5811 South Ellis Avenue, Chicago, IL",http://maps.uchicago.edu/mainquad/cobbhall.html
"Cobb Lecture Hall, Room 303","5811 South Ellis Avenue, Chicago, IL",http://maps.uchicago.edu/mainquad/cobbhall.html
"Cobb Lecture Hall, Room 304","5811 South Ellis Avenue, Chicago, IL",http://maps.uchicago.edu/mainquad/cobbhall.html
"Cobb Lecture Hall, Room 306","5811 South Ellis Avenue, Chicago, IL",http://maps.uchicago.edu/mainquad/cobbhall.html
"Cobb Lecture Hall, Room 307","5811 S. Ellis Avenue, Chicago, IL",http://maps.uchicago.edu/mainquad/cobbhall.html
"Cobb Lecture Hall, Room 310","5811 S. Ellis Avenue, Chicago, IL",http://maps.uchicago.edu/mainquad/cobbhall.html
"Cobb Lecture Hall, Room 319","5811 South Ellis Avenue, Chicago, IL",http://maps.uchicago.edu/mainquad/cobbhall.html
"Cobb Lecture Hall, Room 402","5811 South Ellis Avenue, Chicago, IL",http://maps.uchicago.edu/mainquad/cobbhall.html
"Cobb Lecture Hall, Room 403","5811 South Ellis Avenue, Chicago, IL",http://maps.uchicago.edu/mainquad/cobbhall.html
"Cobb Lecture Hall, Room 409","5811 South Ellis Avenue, Chicago, IL",http://maps.uchicago.edu/mainquad/cobbhall.html
"Cobb Lecture Hall, Room 418","5811 S. Ellis Avenue, Chicago, IL",http://maps.uchicago.edu/mainquad/cobbhall.html
"Cobb Lecture Hall, Room 425","5811 South Ellis Avenue, Chicago, IL",http://maps.uchicago.edu/mainquad/cobbhall.html
"Cobb Lecture Hall, Room 430","5811 South Ellis Avenue, Chicago, IL",http://maps.uchicago.edu/mainquad/cobbhall.html
"Cobb Lecture Hall, Room B","5811 South Ellis Avenue, Chicago, IL",http://maps.uchicago.edu/mainquad/cobbhall.html
"Cobb Lecture Hall, Room C","5811 South Ellis Avenue, Chicago, IL",http://maps.uchicago.edu/mainquad/cobbhall.html
Cochrane-Woods Art Center (CWAC),"5540 South Greenwood Avenue, Chicago, IL",http://maps.uchicago.edu/north/cw_arts.html
Cochrane-Woods Art Center 157,"5540 South Greenwood Ave, Chicago, IL",http://maps.uchicago.edu/north/cw_arts.html
Cochrane-Woods Art Center Lounge,"5540 South Greenwood Ave, Chicago, IL",http://maps.uchicago.edu/north/cw_arts.html
Cochrane-Woods Art Center Room Number: 152,"5560 S. Greenwood Ave Chicago, Il 60637","https://www.google.com/maps/place/Cochrane+Woods+Art+Center/@41.7939899,-87.6020896,17z/data=!3m1!4b1!4m5!3m4!1s0x880e29da7ea71235:0x534010d56402252c!8m2!3d41.7939899!4d-87.5999009"
"Cochrane-Woods Art Center, 153","5540 South Greenwood Ave, Chicago, IL",http://maps.uchicago.edu/north/cw_arts.html
"Cochrane-Woods Art Center, 156","5540 South Greenwood Ave, Chicago, IL",http://maps.uchicago.edu/north/cw_arts.html
"Comer Children's Hospital, Room K160C","5721 South Maryland Avenue, Chicago, IL",http://maps.uchicago.edu/westquad/comer.html
"Comer Children's Hospital, Room K269","5721 South Maryland Avenue, Chicago, IL",http://maps.uchicago.edu/westquad/comer.html
"Comer Children's Hospital, Room K287","5721 South Maryland Avenue, Chicago, IL",http://maps.uchicago.edu/westquad/comer.html
"Comer Children's Hospital, Room K361","5721 South Maryland Avenue, Chicago, IL",http://maps.uchicago.edu/westquad/comer.html
"Comer Children's Hospital, Room K469","5721 South Maryland Avenue, Chicago, IL",http://maps.uchicago.edu/westquad/comer.html
"Comer Children's Hospital, Room K532","5721 South Maryland Avenue, Chicago, IL",http://maps.uchicago.edu/westquad/comer.html
"Comer Children's Hospital, Room K571","5721 South Maryland Avenue, Chicago, IL",http://maps.uchicago.edu/westquad/comer.html
"Comer Children's Hospital, Room K632","5721 South Maryland Avenue, Chicago, IL",http://maps.uchicago.edu/westquad/comer.html
"Comer Children's Hospital, Room K671","5721 South Maryland Avenue, Chicago, IL",http://maps.uchicago.edu/westquad/comer.html
Common Room,"1025 E. 58th St, Chicago IL 60637",
Community Programs Accelerator,"5225 South Cottage Grove Avenue, Chicago, IL",https://maps.uchicago.edu/?location=Facilities+Services
Corner of University Avenue and 59th Street,,
Court Theatre,"5535 S. Ellis Avenue, Chicago, IL",http://maps.uchicago.edu/north/ctheatre.html
"Crerar 007, Computer Training Room","5730 South Ellis Avenue, Chicago, IL",http://maps.uchicago.edu/westquad/crerar.html
Crerar Library,"5730 South Ellis Avenue, Chicago, IL",http://maps.uchicago.edu/westquad/crerar.html
Crerar Library Quad,"5730 South Ellis Avenue Chicago, IL 60637",
"Crerar Library, Boardroom","5730 South Ellis Avenue, Chicago, IL",http://maps.uchicago.edu/westquad/crerar.html
"Crerar Library, GIS Hub","5730 South Ellis Avenue, Chicago, IL 60637",https://maps.uchicago.edu//location/john-crerar-library/
"Crerar Library, Kathleen A. Zar Room","5730 South Ellis Avenue, Chicago, IL",http://maps.uchicago.edu/westquad/crerar.html
"Crerar Library, Lower Level Conference Room","5730 South Ellis Avenue, Chicago, IL",http://maps.uchicago.edu/westquad/crerar.html
Cummings Life Science Center,"920 East 58th Street, Chicago, IL, 60637",
"Cummings Life Science Center, Room 101","920 East 58th Street, Chicago, IL 60637",http://maps.uchicago.edu/westquad/cummings.html
"Cummings Life Science Center, Room 117","920 East 58th Street, Chicago, IL",http://maps.uchicago.edu/westquad/cummings.html
"Cummings Life Science Center, Room 119","920 East 58th Street, Chicago, IL",http://maps.uchicago.edu/westquad/cummings.html
D'Angelo Law Library,1111 E. 60th Street,http://maps.uchicago.edu/south/lairdbll.html
David Rubenstein Forum Friedman Hall (3rd floor),"1201 East 60th Street, Chicago, IL 60637",
Department of Music,"1010 East 59th Street, Chicago, IL",http://maps.uchicago.edu/mainquad/goodspd.html
Disciples Divinity House,"1156 East 57th Street, Chicago, IL 60637",ddh.uchicago.edu
DOVA Temporary Gallery,"5228 South Harper Avenue, Chicago, IL 60615",
"Duchossois Center for Advanced Medicine, 4th Floor Atrium","5758 South Maryland Avenue, Chicago, IL",http://maps.uchicago.edu/westquad/advmed.html
"Duchossois Center for Advanced Medicine, Room CAM1402","5758 South Maryland Avenue, Chicago, IL",http://maps.uchicago.edu/westquad/advmed.html
DuSable Museum for African American History,"740 E 56th Pl, Chicago, IL 60637",http://www.dusablemuseum.org/
"Eckhardt Research Center, Atrium",,
"Eckhardt Research Center, Auditorium Room 161","5640 South Ellis Avenue, Chicago, IL",https://maps.uchicago.edu/?location=William+Eckhardt+Research+Center+(Spring+2015)
"Eckhardt Research Center, Room 201B","5640 South Ellis Avenue Chicago, IL 60637",https://maps.uchicago.edu/location/william-eckhardt-research-center-2015/
"Eckhardt Research Center, Room 301","5640 S Ellis Ave, Chicago, IL",https://maps.uchicago.edu/?location=William+Eckhardt+Research+Center
"Eckhardt Research Center, Room 401","5640 South Ellis Avenue, Chicago, IL",https://maps.uchicago.edu/?location=William+Eckhardt+Research+Center+(Spring+2015)
"Eckhardt Research Center, Room 501","5640 South Ellis Avenue, Chicago, IL",https://maps.uchicago.edu/?location=William+Eckhardt+Research+Center+(Spring+2015)
"Eckhardt Research Center, Room 576","5640 S. Ellis Ave, Chicago, IL",https://maps.uchicago.edu/?location=William+Eckhardt+Research+Center+(Spring+2015)
"Eckhart Hall, Room 110","1118 East 58th Street, Chicago, IL",http://maps.uchicago.edu/mainquad/eckhart.html
"Eckhart Hall, Room 117","1118 East 58th Street, Chicago, IL",http://maps.uchicago.edu/mainquad/eckhart.html
"Eckhart Hall, Room 133","1118 East 58th Street, Chicago, IL",http://maps.uchicago.edu/mainquad/eckhart.html
"Eckhart Hall, Room 201","1118 East 58th Street, Chicago, IL",http://maps.uchicago.edu/mainquad/eckhart.html
"Eckhart Hall, Room 202","1118 East 58th Street, Chicago, IL",http://maps.uchicago.edu/mainquad/eckhart.html
"Eckhart Hall, Room 203","1118 East 58th Street, Chicago, IL",http://maps.uchicago.edu/mainquad/eckhart.html
"Eckhart Hall, Room 206","1118 East 58th Street, Chicago, IL",http://maps.uchicago.edu/mainquad/eckhart.html
"Eckhart Hall, Room 207","1118 East 58th Street, Chicago, IL",http://maps.uchicago.edu/mainquad/eckhart.html
"Eckhart Hall, Room 209 (Tea Room)","118 East 58th Street, Chicago, IL",http://maps.uchicago.edu/mainquad/eckhart.html
"Eckhart Hall, Room 308","1118 East 58th Street, Chicago, IL",http://maps.uchicago.edu/mainquad/eckhart.html
"Eckhart Hall, Room 312","1118 East 58th Street, Chicago, IL",http://maps.uchicago.edu/mainquad/eckhart.html
"Edelstone Center, 2nd Floor South","6030 Ellis Avenue, Chicago, IL",http://maps.uchicago.edu/southwest/edelston.html
"Edelstone Center, Room 106","6030 Ellis Avenue, Chicago, IL",http://maps.uchicago.edu/southwest/edelston.html
"Edelstone Center, Room 133","6030 Ellis Avenue, Chicago, IL",http://maps.uchicago.edu/southwest/edelston.html
"Edelstone Center, Room 142","6030 Ellis Avenue, Chicago, IL",http://maps.uchicago.edu/southwest/edelston.html
"Edelstone Center, Room 151","6030 Ellis Avenue, Chicago, IL",http://maps.uchicago.edu/southwest/edelston.html
"Edelstone Center, Room 194","6030 Ellis Avenue, Chicago, IL",http://maps.uchicago.edu/southwest/edelston.html
Ellis Avenue Parking Garage,"5525 South Ellis, Suite 160, Chicago, IL",http://maps.uchicago.edu/north/garage.html
Energy Policy Institute at Chicago,,"1155 East 60th Street, Chicago, IL"
Enrico Fermi Institute,"5640 South Ellis Avenue, Chicago, IL",http://maps.uchicago.edu/northwest/research.html
"Facilities Services, Room 201","5225 South Cottage Grove Avenue, Chicago, IL",https://maps.uchicago.edu/?location=Facilities+Services
Fermilab,"Batavia, IL 60510",http://www.fnal.gov/
"Foster Hall, Room 103","1130 East 59th Street, Chicago, IL",http://maps.uchicago.edu/mainquad/foster.html
"Foster Hall, Room 106","1130 East 59th Street, Chicago, IL",http://maps.uchicago.edu/mainquad/foster.html
"Foster Hall, Room 107","1130 East 59th Street, Chicago, IL",http://maps.uchicago.edu/mainquad/foster.html
"Foster Hall, Room 109","1130 East 59th Street, Chicago, IL",http://maps.uchicago.edu/mainquad/foster.html
"Foster Hall, Room 305","1130 East 59th Street, Chicago, IL",http://maps.uchicago.edu/mainquad/foster.html
"Foster Hall, Room 505","1130 East 59th Street, Chicago, IL",http://maps.uchicago.edu/mainquad/foster.html
Franke Institute for the Humanities,"Regenstein Library, Room S-102",http://hum.uchicago.edu/frankeinstitute/contact.html
Fulton Hall,"5845 South Ellis Avenue, Chicago, IL",http://maps.uchicago.edu/mainquad/fulton.html
"Gates-Blake 133, CCT Conference Room","5845 S. Ellis Ave, Chicago, IL",http://maps.uchicago.edu/mainquad/gb_hall.html
Gates-Blake 321,"5845 S. Ellis Ave, Chicago, IL",https://maps.uchicago.edu/?location=Blake+Hall
Gleacher Center,"450 North Cityfront Plaza Drive, Chicago, IL",http://www.gleachercenter.com/about/directions
"Gleacher Center, Room 600","450 North Cityfront Plaza Drive, Chicago, IL",http://www.gleachercenter.com/about/directions
"Gleacher Center, Room 621","450 North Cityfront Plaza Drive, Chicago, IL",http://www.gleachercenter.com/about/directions
"Goldblatt Pavillion, MC 1000, Suite M200","5841 S Maryland Avenue, Chicago, IL",https://maps.uchicago.edu/?location=Medical+Center
"Goodspeed Hall, Fulton Recital Hall","5845 South Ellis Avenue, Chicago, IL",http://maps.uchicago.edu/mainquad/goodspd.html
"Goodspeed Hall, Room 205","5845 South Ellis Avenue, Chicago, IL",http://maps.uchicago.edu/mainquad/goodspd.html
"Goodspeed Hall, Room 402","5845 South Ellis Avenue, Chicago, IL",http://maps.uchicago.edu/mainquad/goodspd.html
"Gordon Center for Integrative Science, EB 041","929 East 57th Street, Chicago, IL",http://maps.uchicago.edu/westquad/irb.html
"Gordon Center for Integrative Science, ESB 36","929 East 57th Street, Chicago, IL",http://maps.uchicago.edu/westquad/irb.html
"Gordon Center for Integrative Science, Room 400B","929 East 57th Street, Chicago, IL",http://maps.uchicago.edu/westquad/irb.html
"Gordon Center for Integrative Science, Room 500B","929 East 57th Street, Chicago, IL",http://maps.uchicago.edu/westquad/irb.html
"Gordon Center for Integrative Science, Room E123","929 East 57th Street, Chicago, IL",http://maps.uchicago.edu/westquad/irb.html
"Gordon Center for Integrative Science, Room E130","929 East 57th Street, Chicago, IL 60637",https://maps.uchicago.edu//location/gordon-center-for-integrative-science/
"Gordon Center for Integrative Science, Room E223","929 East 57th Street, Chicago, IL",http://maps.uchicago.edu/westquad/irb.html
"Gordon Center for Integrative Science, Room W 105","929 East 57th Street, Chicago, IL",http://maps.uchicago.edu/westquad/irb.html
"Gordon Center for Integrative Science, Room W 123C","929 East 57th Street, Chicago, IL",http://maps.uchicago.edu/westquad/irb.html
"Gordon Center for Integrative Science, Room W 508","929 East 57th Street, Chicago, IL",http://maps.uchicago.edu/westquad/irb.html
"Gordon Center for Integrative Science, Room W301","929 East 57th Street, Chicago, IL",http://maps.uchicago.edu/westquad/irb.html
"Gordon Center for Integrative Science, Room W303","929 East 57th Street, Chicago, IL",http://maps.uchicago.edu/westquad/irb.html
"Gordon Center for Integrative Science, Room W426","929 East 57th Street, Chicago, IL",http://maps.uchicago.edu/westquad/irb.html
"Gordon Center for Integrative Science, Room W520","929 East 57th Street, Chicago, IL",http://maps.uchicago.edu/westquad/irb.html
"Gordon Center for Integrative Science, Third Floor Atrium","929 East 57th Street, Chicago, IL",http://maps.uchicago.edu/westquad/irb.html
Graham School of Continuing Liberal and Professional Studies,"1427 East 60th Street, Chicago, IL",http://maps.uchicago.edu/farsoutheast/
Gray Center for Arts and Inquiry,929 E. 60th St.,https://graycenter.uchicago.edu
"Gray Center Lab, Room 112",929 East 60th St.,https://maps.uchicago.edu/?location=Midway+Studios
"Green Hall, Room 101","5848 South University Avenue, Chicago, IL",http://maps.uchicago.edu/mainquad/green.html
"Green Hall, Room 104B","5848 South University Avenue, Chicago, IL",http://maps.uchicago.edu/mainquad/green.html
"Green Hall, Room 117","5848 South University Avenue, Chicago, IL",http://maps.uchicago.edu/mainquad/green.html
GSECARS 13 BMC,Argonne National Laboratory,http://cars9.uchicago.edu/
GSECARS 13 BMD,Argonne National Laboratory,http://cars9.uchicago.edu/
GSECARS 13 ID C/D,Argonne National Laboratory,http://cars9.uchicago.edu/
GSECARS 13 IDE,Argonne National Laboratory,http://cars9.uchicago.edu/
"GSECARS, The Advanced Photon Source","9700 South Cass Ave., Argonne, Il 60439",http://cars9.uchicago.edu/
"GSECARS, The University of Chicago","Bldg 434A, Argonne National Laboratory 9700 South Cass Ave. Argonne, Il 60439",http://cars9.uchicago.edu/
Harper Center,"5807 S Woodlawn Ave, Chicago, IL 60637",
Harper Center - Winter Garden,"5807 South Woodlawn Avenue Chicago, Illinois 60637",
Harper Court Room 1116,"5235 S. Harper Court, Chicago IL, Room 1116",
Harper Court Room 1121,"5235 S. Harper Court, Chicago IL, Room 1121",https://maps.uchicago.edu/?location=5235+South+Harper+Court
"Harper Memorial Library, 3rd floor USITE, West Classroom A","1116 East 59th Street, Chicago, IL",http://maps.uchicago.edu/mainquad/harper.html
"Harper Memorial Library, 3rd floor USITE, West Classroom B","1116 East 59th Street, Chicago, IL",http://maps.uchicago.edu/mainquad/harper.html
"Harper Memorial Library, Commons","1116 East 59th Street, Chicago, IL",http://maps.uchicago.edu/mainquad/harper.html
"Harper Memorial Library, Room 102","1116 East 59th Street, Chicago, IL",http://maps.uchicago.edu/mainquad/harper.html
"Harper Memorial Library, Room 103","1116 East 59th Street, Chicago, IL",http://maps.uchicago.edu/mainquad/harper.html
"Harper Memorial Library, Room 125","1116 East 59th Street, Chicago, IL",http://maps.uchicago.edu/mainquad/harper.html
"Harper Memorial Library, Room 130","1116 East 59th Street, Chicago, IL",http://maps.uchicago.edu/mainquad/harper.html
"Harper Memorial Library, Room 135","1116 East 59th Street, Chicago, IL",http://maps.uchicago.edu/mainquad/harper.html
"Harper Memorial Library, Room 140","1116 East 59th Street, Chicago, IL",http://maps.uchicago.edu/mainquad/harper.html
"Harper Memorial Library, Room 141","1116 East 59th Street, Chicago, IL",http://maps.uchicago.edu/mainquad/harper.html
"Harper Memorial Library, Room 145","1116 East 59th Street, Chicago, IL",http://maps.uchicago.edu/mainquad/harper.html
"Harper Memorial Library, Room 148","1116 East 59th Street, Chicago, IL",http://maps.uchicago.edu/mainquad/harper.html
"Harper Memorial Library, Room 150","1116 East 59th Street, Chicago, IL",http://maps.uchicago.edu/mainquad/harper.html
"Harper Memorial Library, Room 151","1116 East 59th Street, Chicago, IL",http://maps.uchicago.edu/mainquad/harper.html
"Harper Memorial Library, Room 184","1116 East 59th Street, Chicago, IL",http://maps.uchicago.edu/mainquad/harper.html
"Harper Memorial Library, Room 280 (Reception)","1116 East 59th Street, Chicago, IL",http://maps.uchicago.edu/mainquad/harper.html
"Harper Memorial Library, Room 284","1116 East 59th Street, Chicago, IL",http://maps.uchicago.edu/mainquad/harper.html
"Harper Memorial Library, Room 286","1116 East 59th Street, Chicago, IL",http://maps.uchicago.edu/mainquad/harper.html
"Harper Memorial Library, Room 406","1116 East 59th Street, Chicago, IL",http://maps.uchicago.edu/mainquad/harper.html
"Harper Memorial Library, Suite 203 (Study Abroad Office)","1116 East 59th Street, Chicago, IL",http://maps.uchicago.edu/mainquad/harper.html
Harper Quad,,"http://maps.google.com/maps/ms?ie=UTF8&hl=en&msa=0&ll=41.788529,-87.599133&spn=0.0023,0.004876&z=18&msid=112106965123750206647.00044d1333be32f3cdd9f"
"Harris School of Public Policy Studies, Lecture Hall 142","1155 East 60th Street, Chicago, IL",http://maps.uchicago.edu/south/1155.html
"Harris School of Public Policy Studies, Lounge","1155 East 60th Street, Chicago, IL",http://maps.uchicago.edu/south/1155.html
"Harris School of Public Policy Studies, Quiet Study Area","1155 East 60th Street, Chicago, IL",http://maps.uchicago.edu/south/1155.html
"Harris School of Public Policy Studies, Room 128","1155 East 60th Street, Chicago, IL",http://maps.uchicago.edu/south/1155.html
"Harris School of Public Policy Studies, Room 140A","1155 East 60th Street, Chicago, IL",http://maps.uchicago.edu/south/1155.html
"Harris School of Public Policy Studies, Room 140B","1155 East 60th Street, Chicago, IL",http://maps.uchicago.edu/south/1155.html
"Harris School of Public Policy Studies, Room 140C","1155 East 60th Street, Chicago, IL",http://maps.uchicago.edu/south/1155.html
"Harris School of Public Policy Studies, Room 153C","1155 East 60th Street, Chicago, IL",http://maps.uchicago.edu/south/1155.html
"Harris School of Public Policy Studies, Room 201B","1155 East 60th Street, Chicago, IL",http://maps.uchicago.edu/south/1155.html
"Harris School of Public Policy Studies, Room 224","1155 East 60th Street, Chicago, IL",http://maps.uchicago.edu/south/1155.html
"Harris School of Public Policy Studies, Room 232","1155 East 60th Street, Chicago, IL",http://maps.uchicago.edu/south/1155.html
"Harris School of Public Policy Studies, Room 289A","1155 East 60th Street, Chicago, IL",http://maps.uchicago.edu/south/1155.html
"Harris School of Public Policy Studies, Room 289B","1155 East 60th Street, Chicago, IL",http://maps.uchicago.edu/south/1155.html
"Harris School of Public Policy Studies, Room 313","1155 East 60th Street, Chicago, IL",http://maps.uchicago.edu/south/1155.html
"Harris School of Public Policy Studies, Room 314","1155 East 60th Street, Chicago, IL",http://maps.uchicago.edu/south/1155.html
"Harris School of Public Policy Studies, Woodlawn Room","1155 East 60th Street, Chicago, IL",http://maps.uchicago.edu/south/1155.html
Haskell Hall,1126 East 59th Street,
Haskell Hall 101,,
Haskell Hall 315,,
"Haskell Hall, Room 101","5836 S. Greenwood Avenue, Chicago, IL",http://maps.uchicago.edu/mainquad/haskell.html
"Haskell Hall, Room 102","5836 South Greenwood Avenue, Chicago, IL",http://maps.uchicago.edu/mainquad/haskell.html
"Haskell Hall, Room 315","5836 South Greenwood Avenue, Chicago, IL",http://maps.uchicago.edu/mainquad/haskell.html
Health Promotion & Wellness,"950 East 61st Street, Suite 300A, Chicago, IL",
Henry Crown Field House,"5550 South University Avenue, Chicago, IL",http://maps.uchicago.edu/north/fieldhs.html
Henry Crown Field House (2nd floor),"5550 South University Avenue, Chicago, IL",http://maps.uchicago.edu/north/fieldhs.html
Henry Hinds Laboratory,"5734 S. Ellis, Chicago, IL 60637",https://maps.uchicago.edu/?location=Hinds+Laboratory
"Henry Hinds Laboratory, Room 101","5734 South Ellis Avenue, Chicago, IL",http://maps.uchicago.edu/westquad/hindslab.html
"Henry Hinds Laboratory, Room 176","5734 South Ellis Avenue, Chicago, IL",http://maps.uchicago.edu/westquad/hindslab.html
"Henry Hinds Laboratory, Room 228","5734 South Ellis Avenue, Chicago, IL",http://maps.uchicago.edu/westquad/hindslab.html
High-energy Physics Conference Room (HEP 323),"935 East 56th Street Chicago, IL 60637",https://maps.uchicago.edu/?location=High+Energy+Physics
Hitchcock Residence Hall,1009 East 57th Street,"https://maps.google.com/maps?q=1009+E+57th+St,+Chicago,+IL+60637"
"Howard T. Ricketts Laboratory, Bldg 204","9900 South Cass Avenue, Chicago, IL","http://maps.google.com/maps?f=q&source=s_q&hl=en&geocode=&q=9900+South+Cass+Avenue,+Lemont,+IL&aq=0&sll=41.509274,-87.746807&sspn=0.140631,0.359802&ie=UTF8&hq=&hnear=9900+S+Cass+Ave,+Lemont,+Illinois+60439&z=16"
Hutchinson Courtyard,,"http://maps.google.com/maps/ms?ie=UTF8&hl=en&msa=0&ll=41.791113,-87.599085&spn=0.0023,0.004876&z=18&msid=112106965123750206647.00044d20b9ca0342f6efa"
Hyde Park Union Church,"5600 South Woodlawn Avenue, Chicago, IL",http://maps.uchicago.edu/north/hpchurch.html
"Ida Noyes Hall, CAPS Resource Center, 3rd Floor","1212 East 59th Street, Chicago, IL",http://maps.uchicago.edu/eastquad/idanoyes.html
"Ida Noyes Hall, Cinema Lobby","1212 East 59th Street, Chicago, IL",http://maps.uchicago.edu/eastquad/idanoyes.html
"Ida Noyes Hall, Cloister Club","1212 East 59th Street, Chicago, IL",http://maps.uchicago.edu/eastquad/idanoyes.html
"Ida Noyes Hall, Cloister Lounge","1212 East 59th Street, Chicago, IL",http://maps.uchicago.edu/eastquad/idanoyes.html
"Ida Noyes Hall, East Lounge","1212 East 59th Street, Chicago, IL",http://maps.uchicago.edu/eastquad/idanoyes.html
"Ida Noyes Hall, First floor lounge","1212 East 59th Street, Chicago, IL",http://maps.uchicago.edu/eastquad/idanoyes.html
"Ida Noyes Hall, Library","1212 East 59th Street, Chicago, IL",http://maps.uchicago.edu/eastquad/idanoyes.html
"Ida Noyes Hall, Max Palevsky Cinema","1212 East 59th Street, Chicago, IL",http://maps.uchicago.edu/eastquad/idanoyes.html
"Ida Noyes Hall, Memorial Lounge","1212 East 59th Street, Chicago, IL",http://maps.uchicago.edu/eastquad/idanoyes.html
"Ida Noyes Hall, Room 203","1212 East 59th Street, Chicago, IL",http://maps.uchicago.edu/eastquad/idanoyes.html
"Ida Noyes Hall, Room 216","1212 East 59th Street, Chicago, IL",http://maps.uchicago.edu/eastquad/idanoyes.html
"Ida Noyes Hall, Room 216/217","1212 East 59th Street, Chicago, IL",http://maps.uchicago.edu/eastquad/idanoyes.html
"Ida Noyes Hall, Room 217","1212 East 59th Street, Chicago, IL",http://maps.uchicago.edu/eastquad/idanoyes.html
"Ida Noyes Hall, Second floor reception","1212 East 59th Street, Chicago, IL",http://maps.uchicago.edu/eastquad/idanoyes.html
"Ida Noyes Hall, Third floor theatre","1212 East 59th Street, Chicago, IL",http://maps.uchicago.edu/eastquad/idanoyes.html
"Ida Noyes Hall, University Pub","1212 East 59th Street, Chicago, IL",http://maps.uchicago.edu/eastquad/idanoyes.html
"Ida Noyes Hall, West Lounge","1212 East 59th Street, Chicago, IL",http://maps.uchicago.edu/eastquad/idanoyes.html
"Ingleside Hall, UHRM Ingleside 203","956 East 58th Street, Chicago, IL",http://maps.uchicago.edu/westquad/inglesid.html
"Ingleside Hall, UHRM Ingleside 205B","956 East 58th Street, Chicago, IL",http://maps.uchicago.edu/westquad/inglesid.html
"Ingleside Hall, UHRM Ingleside 304","956 East 58th Street, Chicago, IL",http://maps.uchicago.edu/westquad/inglesid.html
"Ingleside Hall, UHRM Ingleside AVP","956 East 58th Street, Chicago, IL",http://maps.uchicago.edu/westquad/inglesid.html
Institute of Politics,"5707 S. Woodlawn Avenue, Chicago, IL",http://maps.uchicago.edu/eastquad/iop.html
International House Assembly Hall,,
"International House, Assembly Hall","1414 East 59th Street, Chicago, IL",http://maps.uchicago.edu/east/inthouse.html
"International House, Coulter Lounge","1414 East 59th Street, Chicago, IL",http://maps.uchicago.edu/east/inthouse.html
"International House, Court Yard","1414 East 59th Street, Chicago, IL",http://maps.uchicago.edu/east/inthouse.html
"International House, Dining Room","1414 East 59th Street, Chicago, IL",http://maps.uchicago.edu/east/inthouse.html
"International House, ESL Classroom","1414 East 59th Street, Chicago, IL",http://maps.uchicago.edu/east/inthouse.html
"International House, Home Room","1414 East 59th Street, Chicago, IL",http://maps.uchicago.edu/east/inthouse.html
"International House, Lower Level Boardroom","1414 East 59th Street, Chicago, IL",http://maps.uchicago.edu/east/inthouse.html
"International House, Lower Level Office 8","1414 East 59th Street, Chicago, IL",http://maps.uchicago.edu/east/inthouse.html
"International House, Main Lounge","1414 East 59th Street, Chicago, IL",http://maps.uchicago.edu/east/inthouse.html
"International House, Map Room","1414 East 59th Street, Chicago, IL",http://maps.uchicago.edu/east/inthouse.html
"International House, National Room","1414 East 59th Street, Chicago, IL",http://maps.uchicago.edu/east/inthouse.html
"International House, Suite 291","1414 East 59th Street, Chicago, IL",http://maps.uchicago.edu/east/inthouse.html
"International House, Tiffin Boardroom","1414 East 59th Street, Chicago, IL",http://maps.uchicago.edu/east/inthouse.html
J. Kyle Anderson Field,"East 56th Street, Chicago, IL",http://maps.uchicago.edu/northwest/staggfield.html
"John Crerar Library, Kathleen A. Zar Room","5730 South Ellis Avenue, Chicago, IL",http://maps.uchicago.edu/westquad/crerar.html
"John Crerar Library, USITE","5730 South Ellis Avenue, Chicago, IL",http://maps.uchicago.edu/westquad/crerar.html
"Jones Laboratory, Room 111","5747 South Ellis Avenue, Chicago, IL",https://maps.uchicago.edu/?location=Jones+Laboratory
"Jones Laboratory, Room 226","5747 South Ellis Avenue, Chicago, IL",https://maps.uchicago.edu/?location=Jones+Laboratory
"Jones Laboratory, Room 304","5747 South Ellis Avenue, Chicago, IL",https://maps.uchicago.edu/?location=Jones+Laboratory
Joseph Regenstein Library First Floor,1100 East 57th Street Chicago Illinois 60637,http://maps.uchicago.edu/north/rlibrary.html
Joseph Regenstein Library Room 100B,1100 East 57th Street,https://maps.uchicago.edu/?location=Regenstein+Library
"Judd Hall, Room 302","5835 S. Kimbark Avenue, Chicago, IL",http://maps.uchicago.edu/labschool/juddhall.html
"Judd Hall, Room 313","5835 S. Kimbark Avenue, Chicago, IL",http://maps.uchicago.edu/labschool/juddhall.html
"Judd Hall, Room 323","5835 S. Kimbark Avenue, Chicago, IL",http://maps.uchicago.edu/labschool/juddhall.html
Kane Center for Clinical Legal Education,1111 E. 60th Street,http://maps.uchicago.edu/south/lairdbll.html
"Kelly Hall, Room 114","5848 South University Avenue, Chicago, IL",http://maps.uchicago.edu/mainquad/kelly.html
"Kent Chemical Laboratory, Room 101","1020 East 58th Street, Chicago, IL",http://maps.uchicago.edu/mainquad/kentlab.html
"Kent Chemical Laboratory, Room 102","1020 East 58th Street, Chicago, IL",http://maps.uchicago.edu/mainquad/kentlab.html
"Kent Chemical Laboratory, Room 103","1020 East 58th Street, Chicago, IL",http://maps.uchicago.edu/mainquad/kentlab.html
"Kent Chemical Laboratory, Room 106","1020 East 58th Street, Chicago, IL",http://maps.uchicago.edu/mainquad/kentlab.html
"Kent Chemical Laboratory, Room 107","1020 East 58th Street, Chicago, IL",http://maps.uchicago.edu/mainquad/kentlab.html
"Kent Chemical Laboratory, Room 114","1020 East 58th Street, Chicago, IL",http://maps.uchicago.edu/mainquad/kentlab.html
"Kent Chemical Laboratory, Room 120","1020 East 58th Street, Chicago, IL",http://maps.uchicago.edu/mainquad/kentlab.html
Kersten Physics Teaching Center,"5720 South Ellis Avenue, Chicago, IL",http://maps.uchicago.edu/westquad/physics.html
"Kersten Physics Teaching Center, Maria Goeppert-Mayer Lecture Hall",,
"Kersten Physics Teaching Center, Room 106","5720 South Ellis Avenue, Chicago, IL 60637",http://maps.uchicago.edu/westquad/physics.html
"Kersten Physics Teaching Center, Room 206","5720 South Ellis Avenue, Chicago IL",http://maps.uchicago.edu/westquad/physics.html
KLEO Community Family Life Center,119 E. Garfield Blvd,
Knapp Center for Biomedical Discovery 5260,"900 East 57th Street Chicago, IL 60637",http://maps.uchicago.edu/northwest/knapp_biomed.html
Knapp Center for Biomedical Discovery 6260,"900 East 57th Street Chicago, IL 60637",http://maps.uchicago.edu/northwest/knapp_biomed.html
Knapp Center for Biomedical Discovery 7260,"900 East 57th Street Chicago, IL 60637",http://maps.uchicago.edu/northwest/knapp_biomed.html
"Knapp Center for Biomedical Discovery, Room 1103","900 East 57th Street, Chicago, IL",http://maps.uchicago.edu/northwest/knapp_biomed.html
"Knapp Center for Biomedical Discovery, Room 3200","900 East 57th Street, Chicago, IL",http://maps.uchicago.edu/northwest/knapp_biomed.html
"Knapp Center for Biomedical Discovery, Room 8260","900 East 57th Street, Chicago, IL",http://maps.uchicago.edu/northwest/knapp_biomed.html
Laboratory of Astrophysics and Space Research,"933 East 56th Street, Chicago, IL",http://maps.uchicago.edu/northwest/spacelab.html
"Laboratory Schools - Belfield Hall, Room 134","5815 South Kimbark Avenue, Chicago, IL",http://maps.uchicago.edu/labschool/belfield.html
"Laboratory Schools - Belfield Hall, Room 138","5815 South Kimbark Avenue, Chicago, IL",http://maps.uchicago.edu/labschool/belfield.html
"Laboratory Schools - Belfield Hall, Room 148","5815 South Kimbark Avenue, Chicago, IL",http://maps.uchicago.edu/labschool/belfield.html
"Laboratory Schools - Belfield Hall, Room 158","5815 South Kimbark Avenue, Chicago, IL",http://maps.uchicago.edu/labschool/belfield.html
"Laboratory Schools - Belfield Hall, Room 160","5815 South Kimbark Avenue, Chicago, IL",http://maps.uchicago.edu/labschool/belfield.html
"Laboratory Schools - Belfield Hall, Room 161","5815 South Kimbark Avenue, Chicago, IL",http://maps.uchicago.edu/labschool/belfield.html
"Laboratory Schools - Belfield Hall, Room 262","5815 South Kimbark Avenue, Chicago, IL",http://maps.uchicago.edu/labschool/belfield.html
"Laboratory Schools - Belfield Hall, Room 270","5815 South Kimbark Avenue, Chicago, IL",http://maps.uchicago.edu/labschool/belfield.html
"Laboratory Schools - Belfield Hall, Room 342","5815 South Kimbark Avenue, Chicago, IL",http://maps.uchicago.edu/labschool/belfield.html
"Laboratory Schools - Blaine Hall, Room 168","1362 East 59th Street, Chicago, IL",http://maps.uchicago.edu/labschool/blaine.html
"Laboratory Schools - Blaine Hall, Room 214","1362 East 59th Street, Chicago, IL",http://maps.uchicago.edu/labschool/blaine.html
"Laboratory Schools - Blaine Hall, Room 270","1362 East 59th Street, Chicago, IL",http://maps.uchicago.edu/labschool/blaine.html
"Laboratory Schools - Blaine Hall, Room 300","1362 East 59th Street, Chicago, IL",http://maps.uchicago.edu/labschool/blaine.html
"Laboratory Schools - Blaine Hall, Room 301","1362 E. 59th Street, Chicago, IL",http://maps.uchicago.edu/labschool/blaine.html
"Laboratory Schools - Blaine Hall, Room 397","1362 East 59th Street, Chicago, IL",http://maps.uchicago.edu/labschool/blaine.html
"Laboratory Schools - Blaine Hall, Room 404","1362 East 59th Street, Chicago, IL",http://maps.uchicago.edu/labschool/blaine.html
"Laboratory Schools - Blaine Hall, Room 406","1362 East 59th Street, Chicago, IL",http://maps.uchicago.edu/labschool/blaine.html
"Laboratory Schools - Blaine Hall, Room 412","1362 East 59th Street, Chicago, IL",http://maps.uchicago.edu/labschool/blaine.html
Laboratory Schools - Gordon Parks Arts Hall,"5815 South Kimbark Avenue, Chicago, IL",https://maps.uchicago.edu/?location=Gordon+Parks+Arts+Hall
"Laboratory Schools - Judd Hall, Room 126","5835 South Kimbark Avenue, Chicago, IL",http://maps.uchicago.edu/labschool/juddhall.html
"Laboratory Schools - Judd Hall, Room 202","5835 South Kimbark Avenue, Chicago, IL",http://maps.uchicago.edu/labschool/juddhall.html
"Laboratory Schools - Judd Hall, Room 204","5835 South Kimbark Avenue, Chicago, IL",http://maps.uchicago.edu/labschool/juddhall.html
"Laboratory Schools - Judd Hall, Room 208","5835 South Kimbark Avenue, Chicago, IL",http://maps.uchicago.edu/labschool/juddhall.html
Laird Bell Law Quadrangle,"1111 East 60th Street, Chicago IL",http://maps.uchicago.edu/south/lairdbll.html
"Laird Bell Law Quadrangle, Green Lounge","1111 East 60th Street, Chicago IL",http://maps.uchicago.edu/south/lairdbll.html
"Laird Bell Law Quadrangle, Harry A. Bigelow Lecture Hall","1111 East 60th Street, Chicago IL",http://maps.uchicago.edu/south/lairdbll.html
"Laird Bell Law Quadrangle, Room A","1111 East 60th Street, Chicago IL",http://maps.uchicago.edu/south/lairdbll.html
"Laird Bell Law Quadrangle, Room B","1111 East 60th Street, Chicago, IL",http://maps.uchicago.edu/south/lairdbll.html
"Laird Bell Law Quadrangle, Room C","1111 East 60th Street, Chicago IL",http://maps.uchicago.edu/south/lairdbll.html
"Laird Bell Law Quadrangle, Room D","1111 East 60th Street, Chicago IL",http://maps.uchicago.edu/south/lairdbll.html
"Laird Bell Law Quadrangle, Room E","1111 East 60th Street, Chicago IL",http://maps.uchicago.edu/south/lairdbll.html
"Laird Bell Law Quadrangle, Room F","1111 East 60th Street, Chicago IL",http://maps.uchicago.edu/south/lairdbll.html
"Laird Bell Law Quadrangle, Room G","1111 East 60th Street, Chicago IL",http://maps.uchicago.edu/south/lairdbll.html
"Laird Bell Law Quadrangle, Room I","1111 East 60th Street, Chicago IL",http://maps.uchicago.edu/south/lairdbll.html
"Laird Bell Law Quadrangle, Room II","1111 East 60th Street, Chicago IL",http://maps.uchicago.edu/south/lairdbll.html
"Laird Bell Law Quadrangle, Room III","1111 East 60th Street, Chicago IL",http://maps.uchicago.edu/south/lairdbll.html
"Laird Bell Law Quadrangle, Room IV","1111 East 60th Street, Chicago IL",http://maps.uchicago.edu/south/lairdbll.html
"Laird Bell Law Quadrangle, Room V","1111 East 60th Street, Chicago, IL",http://maps.uchicago.edu/south/lairdbll.html
"Laird Bell Law Quadrangle, Room VI","1111 East 60th Street, Chicago IL",http://maps.uchicago.edu/south/lairdbll.html
"Laird Bell Law Quadrangle, Weymouth Kirkland Courtroom Auditorium","1111 East 60th Street, Chicago IL",http://maps.uchicago.edu/south/lairdbll.html
Logan Center,"915 East 60th Street, Chicago, IL",http://maps.uchicago.edu/southwest/
"Logan Center, Cafe","915 East 60th Street, Chicago, IL",http://maps.uchicago.edu/southwest/
"Logan Center, Courtyard","915 East 60th Street, Chicago, IL",http://maps.uchicago.edu/southwest/
"Logan Center, DelGiorno Deck 1001","915 East 60th Street, Chicago, IL",http://maps.uchicago.edu/southwest/
"Logan Center, DelGiorno Mezzanine 1000A","915 East 60th Street, Chicago, IL",http://maps.uchicago.edu/southwest/
"Logan Center, DelGiorno Terrace 305","915 East 60th Street, Chicago, IL",http://maps.uchicago.edu/southwest/
"Logan Center, Digital Media Center","915 East 60th Street, Chicago, IL",http://maps.uchicago.edu/southwest/
"Logan Center, Gallery 107","915 East 60th Street, Chicago, IL",http://maps.uchicago.edu/southwest/
"Logan Center, Gidwitz Lobby 100G","915 East 60th Street, Chicago, IL",http://maps.uchicago.edu/southwest/
"Logan Center, Great Hall 200D","915 East 60th Street, Chicago, IL",http://maps.uchicago.edu/southwest/
"Logan Center, Performance Hall","915 East 60th Street, Chicago, IL",http://maps.uchicago.edu/southwest/
"Logan Center, Performance Lab (Dance) 701","915 East 60th Street, Chicago, IL",http://maps.uchicago.edu/southwest/
"Logan Center, Performance Lab (Theater) 501","915 East 60th Street, Chicago, IL",http://maps.uchicago.edu/southwest/
"Logan Center, Performance Penthouse 901","915 East 60th Street, Chicago, IL",http://maps.uchicago.edu/southwest/
"Logan Center, Room 703","915 East 60th Street, Chicago, IL",http://maps.uchicago.edu/southwest/
"Logan Center, Room 802","915 East 60th Street, Chicago, IL",http://maps.uchicago.edu/southwest/
"Logan Center, Screening Room 201","915 East 60th Street, Chicago, IL",http://maps.uchicago.edu/southwest/
"Logan Center, Seminar Terrace 801","915 East 60th Street, Chicago, IL",http://maps.uchicago.edu/southwest/
"Logan Center, Theater East 127","915 East 60th Street, Chicago, IL",http://maps.uchicago.edu/southwest/
"Logan Center, Theater West 115","915 East 60th Street, Chicago, IL",http://maps.uchicago.edu/southwest/
Main Quad,,"http://maps.google.com/maps/ms?ie=UTF8&hl=en&msa=0&ll=41.789741,-87.599278&spn=0.0023,0.004876&z=18&msid=112106965123750206647.00044d1345bd8f3ebc7d9"
Main Quad Administration Building,,http://maps.uchicago.edu/mainquad/admin.html
Main Quad flagpole,,"http://maps.google.com/maps/ms?ie=UTF8&hl=en&msa=0&ll=41.789941,-87.599761&spn=0.0023,0.004876&z=18&msid=112106965123750206647.00044d239cc48ee83bbab"
Mandel Hall,"1131 East 57th Street, Chicago, IL",http://maps.uchicago.edu/mainquad/mandel.html
Mansueto Institute for Urban Innovation,5801 South Ellis Avenue,https://urban.uchicago.edu/page/mansueto-institute-urban-innovation
"Mansueto Library, Grand Reading Room","1100 E 57th Street, Chicago, IL",http://maps.uchicago.edu/north/mansueto.html
"Max Palevsky Cinema, Ida Noyes Hall",1212 East 59th Street,docfilms.org
"Meadville/Lombard Theological School, Curtis Room","5701 South Woodlawn Avenue, Chicago, IL",http://maps.uchicago.edu/eastquad/meadville.html
Midway Plaisance,,
Midway Skating Rink,On the midway between University and Ellis,http://maps.uchicago.edu/south/rink.html
Midway Studios 108,929 East 60th Street,
Mott Building,1225 East 60th Street,http://maps.uchicago.edu/southeastcampus/mott.html
Museum of Science and Industry,,
National Opinion Research Center,"1155 East 60th St, Room 233, Chicago, IL",http://maps.uchicago.edu/south/1155.html
Neighborhood Schools Program,"5525 South Ellis Avenue, Chicago, IL",http://maps.uchicago.edu/north/garage.html
Neubauer Collegium for Culture and Society,"5701 South Woodlawn Avenue, Chicago, IL 60637",https://maps.uchicago.edu/?location=Neubauer+Collegium+for+Culture+and+Society
"Neubauer Collegium for Culture and Society, Forum","5701 South Woodlawn Avenue, Chicago, IL 60637",https://maps.uchicago.edu/?location=Neubauer+Collegium+for+Culture+and+Society
"Neubauer Collegium for Culture and Society, Gallery","5701 South Woodlawn Avenue, Chicago, IL 60637",https://maps.uchicago.edu/?location=Neubauer+Collegium+for+Culture+and+Society
"New Graduate Residence Hall, B-14","1307 East 60th Street, Chicago, IL",http://maps.uchicago.edu/southeastcampus/graduate.html
"Newberger Hillel Center, Great Room","5715 South Woodlawn Ave, Chicago, IL",http://maps.uchicago.edu/eastquad/hillel.html
"Newberger Hillel Center, Judaica Library","5715 South Woodlawn Ave, Chicago, IL",http://maps.uchicago.edu/eastquad/hillel.html
"Newberger Hillel Center, Main Chapel","5715 South Woodlawn Ave, Chicago, IL",http://maps.uchicago.edu/eastquad/hillel.html
"Newberger Hillel Center, Media Room","5715 South Woodlawn Ave, Chicago, IL",http://maps.uchicago.edu/eastquad/hillel.html
NORC Conference Room 344,1155 E. 60th Street,https://maps.uchicago.edu/?location=1155+Building
NORC Room 232/233 Harris School of Public Policy Studies,"1155 E 60th St Chicago, IL 60637",http://maps.uchicago.edu/south/1155.html
North Science Quad,"Near 5640 S Ellis Ave, Chicago, IL 60637",
NSP/ UCSC Conference Room,"5525 South Ellis Avenue, Chicago, IL",http://maps.uchicago.edu/north/garage.html
Nuclear Energy Sculpture,,
Oriental Institute,"1155 East 58th Street, Chicago, IL",http://maps.uchicago.edu/eastquad/oriental.html
Oriental Institute Museum,"1155 East 58th Street, Chicago, IL",http://maps.uchicago.edu/eastquad/oriental.html
"Oriental Institute Museum, Robert and Deborah Aliber Persian Gallery",1155 East 58th Street,
Oriental Institute Research Archives,"1155 East 58th Street, Chicago, IL",http://maps.uchicago.edu/eastquad/oriental.html
"Oriental Institute, Breasted Hall","1155 East 58th Street, Chicago, IL",http://maps.uchicago.edu/eastquad/oriental.html
"Oriental Institute, La Salle Banks Room","1155 East 58th Street, Chicago, IL",http://maps.uchicago.edu/eastquad/oriental.html
"Oriental Institute, Room 208","1155 East 58th Street, Chicago, IL",http://maps.uchicago.edu/eastquad/oriental.html
"Oriental Institute, Room 210","1155 East 58th Street, Chicago, IL",http://maps.uchicago.edu/eastquad/oriental.html
"Physics Research Center, 201",933 E 56th Street,
"Pick Hall, Lounge","5828 South University Avenue, Chicago, IL",http://maps.uchicago.edu/mainquad/pickhall.html
"Pick Hall, Room 001","5828 South University Avenue, Chicago IL",http://maps.uchicago.edu/mainquad/pickhall.html
"Pick Hall, Room 016","5828 South University Avenue, Chicago, IL",http://maps.uchicago.edu/mainquad/pickhall.html
"Pick Hall, Room 022","5828 South University Avenue, Chicago, IL",http://maps.uchicago.edu/mainquad/pickhall.html
"Pick Hall, Room 101","5828 South University Avenue, Chicago IL",http://maps.uchicago.edu/mainquad/pickhall.html
"Pick Hall, Room 105","5828 South University Avenue, Chicago, IL",http://maps.uchicago.edu/mainquad/pickhall.html
"Pick Hall, Room 218","5828 South University Avenue, Chicago, IL",http://maps.uchicago.edu/mainquad/pickhall.html
"Pick Hall, Room 222","5828 South University Avenue, Chicago IL",http://maps.uchicago.edu/mainquad/pickhall.html
"Pick Hall, Room 317","5828 South University Avenue, Chicago IL",http://maps.uchicago.edu/mainquad/pickhall.html
"Pick Hall, Room 319","5828 South University Avenue, Chicago, IL",http://maps.uchicago.edu/mainquad/pickhall.html
"Pick Hall, Room 407","5828 South University Avenue, Chicago IL",http://maps.uchicago.edu/mainquad/pickhall.html
"Pick Hall, Room 506","5828 South University Avenue, Chicago, IL",http://maps.uchicago.edu/mainquad/pickhall.html
Pierce Dining Commons,"5514 South University Avenue Chicago, IL 60637",http://maps.uchicago.edu/north/pierce.html
Polsky Exchange,"1452 East 53rd Street, Chicago, IL",https://polsky.uchicago.edu/page/polsky-exchange
Press Building,"1427 E 60th St., Chicago, IL, 60637",http://architecture.uchicago.edu/locations/university_of_chicago_press_building/
Quadrangle Club,"1155 East 57th Street, Chicago, IL",http://maps.uchicago.edu/eastquad/quadclub.html
"Quadrangle Club, Chess Room","1155 East 57th Street, Chicago, IL",http://maps.uchicago.edu/eastquad/quadclub.html
"Quadrangle Club, Library","1155 East 57th Street, Chicago, IL",http://maps.uchicago.edu/eastquad/quadclub.html
"Quadrangle Club, Lounge","1155 East 57th Street, Chicago, IL",http://maps.uchicago.edu/eastquad/quadclub.html
"Quadrangle Club, Main Dining Room","1155 East 57th Street, Chicago, IL",http://maps.uchicago.edu/eastquad/quadclub.html
"Quadrangle Club, Private Dining Room","1155 East 57th Street, Chicago, IL",http://maps.uchicago.edu/eastquad/quadclub.html
"Quadrangle Club, Solarium","1155 East 57th Street, Chicago, IL",http://maps.uchicago.edu/eastquad/quadclub.html
"Quadrangle Club, Tennis Courts","1155 East 57th Street, Chicago, IL",http://maps.uchicago.edu/eastquad/quadclub.html
Ratner Athletic Center,"5530 S. Ellis Ave., Chicago, IL",http://maps.uchicago.edu/northwest/ratner.html
"Ratner Athletic Center, Berwanger Room","5530 S. Ellis Ave. Chicago, IL 60637",http://maps.uchicago.edu/northwest/ratner.html
"Ratner Athletic Center, Video Viewing Room","5530 S. Ellis Ave., Chicago, IL",http://maps.uchicago.edu/northwest/ratner.html
"Regenstein Library, A-Level","1100 E. 57th Street, Chicago, IL 6063",http://maps.uchicago.edu/north/rlibrary.html
"Regenstein Library, Lobby","1100 East 57th Street, Chicago, IL",http://maps.uchicago.edu/north/rlibrary.html
"Regenstein Library, Room 120B","1100 East 57th Street, Chicago, IL",http://maps.uchicago.edu/north/rlibrary.html
"Regenstein Library, Room 122A","1100 East 57th Street, Chicago, IL",http://maps.uchicago.edu/north/rlibrary.html
"Regenstein Library, Room 122A-B","1100 East 57th Street, Chicago, IL",http://maps.uchicago.edu/north/rlibrary.html
"Regenstein Library, Room 122B","1100 East 57th Street, Chicago, IL",http://maps.uchicago.edu/north/rlibrary.html
"Regenstein Library, Room 127","1100 East 57th Street, Chicago, IL",http://maps.uchicago.edu/north/rlibrary.html
"Regenstein Library, Room 144","1100 East 57th Street, Chicago, IL",http://maps.uchicago.edu/north/rlibrary.html
"Regenstein Library, Room 153","1100 East 57th Street, Chicago, IL",http://maps.uchicago.edu/north/rlibrary.html
"Regenstein Library, Room 203","1100 East 57th Street, Chicago, IL",http://maps.uchicago.edu/north/rlibrary.html
"Regenstein Library, Room 207","1100 East 57th Street, Chicago, IL",http://maps.uchicago.edu/north/rlibrary.html
"Regenstein Library, Room 216","1100 East 57th Street, Chicago, IL",http://maps.uchicago.edu/north/rlibrary.html
"Regenstein Library, Room 217","1100 East 57th Street, Chicago, IL",http://maps.uchicago.edu/north/rlibrary.html
"Regenstein Library, Room 220","1100 East 57th Street, Chicago, IL",http://maps.uchicago.edu/north/rlibrary.html
"Regenstein Library, Room 220L","100 East 57th Street, Chicago, IL",http://maps.uchicago.edu/north/rlibrary.html
"Regenstein Library, Room 354","1100 East 57th Street, Chicago, IL 60637",https://maps.uchicago.edu/?location=Regenstein+Library
"Regenstein Library, Room 370 Maps Collection","1100 East 57th Street, Chicago, IL 60637",https://maps.uchicago.edu//location/regenstein-library/
"Regenstein Library, Room 464","1100 East 57th Street, Chicago, IL",http://maps.uchicago.edu/north/rlibrary.html
"Regenstein Library, Room 503","100 East 57th Street, Chicago, IL",http://maps.uchicago.edu/north/rlibrary.html
"Regenstein Library, Room 523","1100 East 57th Street, Chicago, IL",http://maps.uchicago.edu/north/rlibrary.html
"Regenstein Library, Room A-10","1100 East 57th Street Chicago, IL 60637",http://maps.uchicago.edu/north/rlibrary.html
"Regenstein Library, Room A-11","1100 East 57th Street, Chicago, IL",http://maps.uchicago.edu/north/rlibrary.html
"Regenstein Library, S-118","1100 East 57th Street, Chicago, IL",http://maps.uchicago.edu/north/rlibrary.html
"Regenstein Library, The Special Collections Research Center","1100 East 57th Street, Chicago, IL",http://maps.uchicago.edu/north/rlibrary.html
"Regenstein Library, UHRM Regenstein 126","1100 East 57th Street, Chicago, IL",http://maps.uchicago.edu/north/rlibrary.html
"Regenstein Library, UHRM Regenstein 127","1100 East 57th Street, Chicago, IL",http://maps.uchicago.edu/north/rlibrary.html
Research Insitutes Room 183,5640 S. Ellis Ave.,http://maps.uchicago.edu/northwest/research.html
Research Insitutes Room 480,5640 S. Ellis Ave.,http://maps.uchicago.edu/northwest/research.html
"Research Institutes, Room 180",5640 S. Ellis Ave.,http://maps.uchicago.edu/northwest/research.html
Reynolds Club,5706 S. University Ave.,http://maps.uchicago.edu/mainquad/reynolds.html
"Reynolds Club, C-Shop","5706 South University, Chicago, IL",http://maps.uchicago.edu/mainquad/reynolds.html
"Reynolds Club, First floor theater","5706 South University, Chicago, IL",http://maps.uchicago.edu/mainquad/reynolds.html
"Reynolds Club, Francis X. Kinahan Third Floor Theater","5706 South University, Chicago, IL",http://maps.uchicago.edu/mainquad/reynolds.html
"Reynolds Club, Hallowed Grounds Coffee Shop","5706 South University, Chicago, IL",http://maps.uchicago.edu/mainquad/reynolds.html
"Reynolds Club, Hutchinson Commons","5706 South University, Chicago, IL",http://maps.uchicago.edu/mainquad/reynolds.html
"Reynolds Club, Marketplace","5706 South University, Chicago, IL",http://maps.uchicago.edu/mainquad/reynolds.html
"Reynolds Club, McCormick Tribune Lounge","5706 South University, Chicago, IL",http://maps.uchicago.edu/mainquad/reynolds.html
"Reynolds Club, Mitchell Tower","5706 South University, Chicago, IL",http://maps.uchicago.edu/mainquad/reynolds.html
"Reynolds Club, Room 010","5706 South University, Chicago, IL",http://maps.uchicago.edu/mainquad/reynolds.html
"Reynolds Club, South Lounge","5706 South University, Chicago, IL",http://maps.uchicago.edu/mainquad/reynolds.html
"Reynolds Club, Suite 300","5706 South University, Chicago, IL",http://maps.uchicago.edu/mainquad/reynolds.html
Rockefeller Chapel,"5850 S. Woodlawn Ave., Chicago, IL 60637",http://maps.uchicago.edu/eastquad/rockefel.html
"Rockefeller Chapel, Interreligious Center, Room 015","5850 South Woodlawn Avenue, Chicago, IL",http://maps.uchicago.edu/eastquad/rockefel.html
"Rockefeller Chapel, Interreligious Center, Room 017","5850 South Woodlawn Avenue, Chicago, IL",http://maps.uchicago.edu/eastquad/rockefel.html
"Rockefeller Chapel, Interreligious Center, Room 019","5850 South Woodlawn Avenue, Chicago, IL",http://maps.uchicago.edu/eastquad/rockefel.html
Rockefeller Memorial Chapel,"5850 South Woodlawn Avenue, Chicago IL",http://maps.uchicago.edu/eastquad/rockefel.html
Rohr Chabad Jewish Center,5700 South Woodlawn Avenue,
Room 107,"6045 South Kenwood Avenue, Room 107",
Room 144,"6054 South Drexel, Chicago, IL 60637",
"Rosenwald Hall, Room 011","1101 E. 58th Street, Chicago, IL",http://maps.uchicago.edu/mainquad/rosenwal.html
"Rosenwald Hall, Room 015","1101 East 58th Street, Chicago, IL",http://maps.uchicago.edu/mainquad/rosenwal.html
"Rosenwald Hall, Room 101","1101 E. 58th Street, Chicago, IL",http://maps.uchicago.edu/mainquad/rosenwal.html
"Rosenwald Hall, Room 208","1101 E. 58th Street, Chicago, IL",http://maps.uchicago.edu/mainquad/rosenwal.html
"Rosenwald Hall, Room 301","1101 E. 58th Street, Chicago, IL",http://maps.uchicago.edu/mainquad/rosenwal.html
"Rosenwald Hall, Room 329","1101 East 58th Street, Chicago, IL",http://maps.uchicago.edu/mainquad/rosenwal.html
"Rosenwald Hall, Room 405","1101 East 58th Street, Chicago, IL",http://maps.uchicago.edu/mainquad/rosenwal.html
"Ryerson Physical Laboratory, Observatory","1100 East 58th Street, Chicago, IL",http://maps.uchicago.edu/mainquad/ryerson.html
"Ryerson Physical Laboratory, Room 251","1100 East 58th Street, Chicago, IL",http://maps.uchicago.edu/mainquad/ryerson.html
"Ryerson Physical Laboratory, Room 255","1100 E. 58th Street, Chicago, IL",http://maps.uchicago.edu/mainquad/ryerson.html
"Ryerson Physical Laboratory, Room 276","1100 E. 58th Street, Chicago, IL",http://maps.uchicago.edu/mainquad/ryerson.html
"Ryerson Physical Laboratory, Room 277","1100 East 58th Street, Chicago, IL",http://maps.uchicago.edu/mainquad/ryerson.html
"Ryerson Physical Laboratory, Room 352","1100 East 58th Street, Chicago, IL",http://maps.uchicago.edu/mainquad/ryerson.html
"Ryerson Physical Laboratory, Room 358","1100 East 58th Street, Chicago, IL",http://maps.uchicago.edu/mainquad/ryerson.html
Saieh Hall for Economics,"5757 South University Ave, Chicago, IL",https://maps.uchicago.edu/?location=Saieh+Hall+for+Economics
"Saieh Hall for Economics, Room 021","5757 South University Ave, Chicago, IL",https://maps.uchicago.edu/?location=Saieh+Hall+for+Economics
"Saieh Hall for Economics, Room 112","5757 South University Ave, Chicago, IL",https://maps.uchicago.edu/?location=Saieh+Hall+for+Economics
"Saieh Hall for Economics, Room 146","5757 South University Ave, Chicago, IL",https://maps.uchicago.edu/?location=Saieh+Hall+for+Economics
"Saieh Hall for Economics, Room 203","5757 South University Ave, Chicago, IL",https://maps.uchicago.edu/?location=Saieh+Hall+for+Economics
"School of Social Service Administration, Conference Room 101","969 East 60th Street, Chicago, IL",http://maps.uchicago.edu/southwest/ssa.html
"School of Social Service Administration, Conference Room 120","969 East 60th Street, Chicago, IL",http://maps.uchicago.edu/southwest/ssa.html
"School of Social Service Administration, Conference Room 129","969 East 60th Street, Chicago, IL",http://maps.uchicago.edu/southwest/ssa.html
"School of Social Service Administration, Library","969 East 60th Street, Chicago, IL",http://maps.uchicago.edu/southwest/ssa.html
"School of Social Service Administration, Lobby","969 East 60th Street, Chicago, IL",http://maps.uchicago.edu/southwest/ssa.html
"School of Social Service Administration, Room BE07","969 East 60th Street Chicago, IL",http://maps.uchicago.edu/southwest/ssa.html
"School of Social Service Administration, Room BW11","969 East 60th Street, Chicago, IL",http://maps.uchicago.edu/southwest/ssa.html
"School of Social Service Administration, Room E-I","969 East 60th Street, Chicago, IL",http://maps.uchicago.edu/southwest/ssa.html
"School of Social Service Administration, Room E-II","969 East 60th Street, Chicago, IL",http://maps.uchicago.edu/southwest/ssa.html
"School of Social Service Administration, Room E-III","969 East 60th Street, Chicago, IL",http://maps.uchicago.edu/southwest/ssa.html
"School of Social Service Administration, Room E-IV","969 East 60th Street, Chicago, IL",http://maps.uchicago.edu/southwest/ssa.html
"School of Social Service Administration, Room W-IA","969 East 60th Street, Chicago, IL",http://maps.uchicago.edu/southwest/ssa.html
"School of Social Service Administration, Room W-IB","969 East 60th Street, Chicago, IL",http://maps.uchicago.edu/southwest/ssa.html
"School of Social Service Administration, Room W-II","969 East 60th Street, Chicago, IL",http://maps.uchicago.edu/southwest/ssa.html
"School of Social Service Administration, Room W-III","969 East 60th Street, Chicago, IL",http://maps.uchicago.edu/southwest/ssa.html
"School of Social Service Administration, Room W-IV","969 East 60th Street, Chicago, IL",http://maps.uchicago.edu/southwest/ssa.html
"School of Social Service Administration, Room WIA&B","969 East 60th Street, Chicago, IL",http://maps.uchicago.edu/southwest/ssa.html
"School of Social Service Administration, Room WII","969 East 60th Street, Chicago, IL",http://maps.uchicago.edu/southwest/ssa.html
School of the Art Institute of Chicago,"112 South Michigan Ave, MacLean Ballroom",
Screen Share Gallery (outside Room 201),"915 E. 60th Street, Chicago, IL 60637",https://voices.uchicago.edu/screensharevideogallery/
"Searle Chemical Laboratory, Room 240","5735 South Ellis Avenue Chicago, IL 60637",http://maps.uchicago.edu/mainquad/searle.html
Searle/Snell Quad,,"http://maps.google.com/maps/ms?ie=UTF8&hl=en&msa=0&ll=41.791049,-87.599804&spn=0.0023,0.004876&z=18&msid=112106965123750206647.00044d1360abce2e9429d"
Seminary Co-op Bookstore,"5751 S. Woodlawn Ave., Chicago, IL 60637",http://www.semcoop.com/
"Seoul, South Korea",See Description,
Smart Museum of Art,"5550 South Greenwood Avenue, Chicago, IL",http://maps.uchicago.edu/north/smart.html
Social Science Research,"1126 East 59th Street, Chicago, IL",http://maps.uchicago.edu/mainquad/social.html
"Social Science Research Building, John Hope Franklin Room (Room 224)","1126 East 59th Street, Chicago, IL",http://maps.uchicago.edu/mainquad/social.html
"Social Science Research Building, The Karen Landahl Center for Linguistic Research (Room 004)",The Karen Landahl Center for Linguistic Research,http://maps.uchicago.edu/mainquad/social.html
"Social Science Research, Room 105","1126 East 59th Street, Chicago, IL",http://maps.uchicago.edu/mainquad/social.html
"Social Science Research, Room 106","1126 East 59th Street, Chicago, IL",http://maps.uchicago.edu/mainquad/social.html
"Social Science Research, Room 107","1126 East 59th Street, Chicago, IL",http://maps.uchicago.edu/mainquad/social.html
"Social Science Research, Room 108","1126 East 59th Street, Chicago, IL",http://maps.uchicago.edu/mainquad/social.html
"Social Science Research, Room 122","1126 East 59th Street, Chicago, IL",http://maps.uchicago.edu/mainquad/social.html
"Social Science Research, Room 224","1126 East 59th Street, Chicago, IL",http://maps.uchicago.edu/mainquad/social.html
"Social Science Research, Room 302","1126 East 59th Street, Chicago, IL",http://maps.uchicago.edu/mainquad/social.html
"Social Science Research, Room 305","1126 East 59th Street, Chicago, IL",http://maps.uchicago.edu/mainquad/social.html
"Social Science Research, Room 401 (Albion Small Room)","1126 East 59th Street, Chicago, IL",http://maps.uchicago.edu/mainquad/social.html
"Social Science Research, Tea Room","1126 East 59th Street, Chicago, IL",http://maps.uchicago.edu/mainquad/social.html
Social Sciences Quad,,"http://maps.google.com/maps/ms?ie=UTF8&hl=en&msa=0&ll=41.788605,-87.599444&spn=0.0023,0.004876&z=18&msid=112106965123750206647.00044d1366b18a31532e6"
Social Sciences Research Building,1126 E. 59th Street,http://maps.uchicago.edu/mainquad/social.html
South Side Community Art Center,"3831 S Michigan Ave Chicago, IL 60653",http://www.southsidecommunityartcenter.com/joomla/index.php
SSA Library,"969 East 60th Street, Chicago, IL 60637",http://maps.uchicago.edu/southwest/ssa.html
Stagg Field,"East 56th Street, Chicago, IL",http://maps.uchicago.edu/northwest/staggfield.html
Star Lounge Coffee Bar,"2521 W Chicago Ave, Chicago IL 60622",
Statistics and Mathematics,5727 South University Avenue,http://maps.uchicago.edu/eastquad/statmath.html
"Stuart Hall, Room 101","5835 South Greenwood Avenue, Chicago, IL",http://maps.uchicago.edu/mainquad/stuart.html
"Stuart Hall, Room 102","5835 South Greenwood Avenue, Chicago, IL",http://maps.uchicago.edu/mainquad/stuart.html
"Stuart Hall, Room 104","5835 South Greenwood Avenue, Chicago, IL",http://maps.uchicago.edu/mainquad/stuart.html
"Stuart Hall, Room 105","5835 South Greenwood Avenue, Chicago, IL",http://maps.uchicago.edu/mainquad/stuart.html
"Stuart Hall, Room 209","5835 South Greenwood Avenue, Chicago, IL",http://maps.uchicago.edu/mainquad/stuart.html
Student Counseling Service,5737 South University Avenue,http://maps.uchicago.edu/eastquad/counsel.html
Student Health Services,"860 East 59th Street, Chicago IL",
"Surgery - Brain Research Pavillion, P-315","5812 South Ellis Avenue, Chicago, IL",http://maps.uchicago.edu/westquad/surgery.html
"Surgery - Brain Research Pavillion, Room J103","5812 South Ellis Avenue, Chicago, IL",http://maps.uchicago.edu/westquad/surgery.html
"Surgery - Brain Research Pavillion, Room J320","5812 South Ellis Avenue, Chicago, IL",http://maps.uchicago.edu/westquad/surgery.html
"Surgery - Brain Research Pavillion, S-640","5812 South Ellis Avenue, Chicago, IL",http://maps.uchicago.edu/westquad/surgery.html
"Surgery - Brain Research Pavillion, S-644","5812 South Ellis Avenue, Chicago, IL",http://maps.uchicago.edu/westquad/surgery.html
Surgery Brain Research Institutes,"5812 S Ellis Ave, Chicago, IL 60637",
Swift Hall,"1025 East 58th Street, Chicago, IL",http://maps.uchicago.edu/mainquad/swift.html
Swift Hall Marty Center Library,2nd floor (inside Marty Center),http://maps.uchicago.edu/mainquad/swift.html
Swift Hall Marty Center Seminar Room,2nd floor (inside Marty Center),http://maps.uchicago.edu/mainquad/swift.html
Swift Hall Third Floor Lecture Room,"1025 E 58th Street, Chicago, IL 60637",http://maps.uchicago.edu/mainquad/swift.html
"Swift Hall, Common Room","1025 East 58th Street, Chicago, IL",http://maps.uchicago.edu/mainquad/swift.html
"Swift Hall, First Floor","1025 East 58th Street, Chicago, IL",http://maps.uchicago.edu/mainquad/swift.html
"Swift Hall, Marty Center Seminar Room","1025 East 58th Street, Chicago, IL",http://maps.uchicago.edu/mainquad/swift.html
"Swift Hall, Room 106","1025 East 58th Street, Chicago, IL",http://maps.uchicago.edu/mainquad/swift.html
"Swift Hall, Room 200","1025 East 58th Street, Chicago, IL",http://maps.uchicago.edu/mainquad/swift.html
"Swift Hall, Room 201","1025 East 58th Street, Chicago, IL",http://maps.uchicago.edu/mainquad/swift.html
"Swift Hall, Room 208","1025 East 58th Street, Chicago, IL",http://maps.uchicago.edu/mainquad/swift.html
"Swift Hall, Room 316","1025 East 58th Street, Chicago, IL",http://maps.uchicago.edu/mainquad/swift.html
"Swift Hall, Room 403","1025 East 58th Street, Chicago, IL",http://maps.uchicago.edu/mainquad/swift.html
"Swift Hall, Third Floor Lecture Room","1025 East 58th Street, Chicago, IL",http://maps.uchicago.edu/mainquad/swift.html
Taft House 102,935 East 60th Street,
TECHB@R,"Regenstein Library, Room 160",
TechBarEast,"Regenstein Library, room 160",
TechBarNorth,"Regenstein Library, room 160",
TechBarSouth,"Regenstein Library, room 160",
TechBarStudio,"Regenstein Library, room 160",
"The Renaissance Society, Cobb Lecture Hall, 4th Floor","5811 South Ellis Ave, Chicago, IL",https://maps.uchicago.edu/?location=Cobb+Lecture+Hall
"The Wit Hotel, 201 N. State Street",,
University Church,"5655 South University Avenue, Chicago, IL",http://maps.uchicago.edu/north/protestant.html
University Club of Chicago,"76 E Monroe St, Chicago, IL 60603",
University of Chicago Charter School: Carter G. Woodson Campus,"4444 S. Evans Avenue, Chicago, IL 60653",
University of Chicago Charter School: Donoghue Elementary,"707 E. 37th Street, Chicago, IL 60653",
University of Chicago Charter School: North Kenwood/Oakland Campus,"1119 E. 46th Street, Chicago, IL 60653",
University of Chicago Charter School: Woodlawn Secondary School,"6420 S. University Avenue, Chicago, IL 60637",
University of Chicago Medicine,5841 S. Maryland Avenue,
Urban Education Institute,"1313 East 60th Street, Chicago, IL",http://maps.uchicago.edu/farsoutheast/chapin.html
Walker 302,"1115 East 58th Street, Chicago, IL",http://maps.uchicago.edu/mainquad/walker.html
Walker 309,"1115 East 58th Street, Chicago, IL",http://maps.uchicago.edu/mainquad/walker.html
"Walker Museum, Room 111","1115 E. 58th Street, Chicago, IL",http://maps.uchicago.edu/mainquad/walker.html
Webinar,,(see description)
"Wieboldt Hall, Room 102","1050 East 59th Street Chicago, IL 60637",https://maps.uchicago.edu/?location=Wieboldt+Hall
"Wieboldt Hall, Room 206","1050 East 59th Street, Chicago, IL",http://maps.uchicago.edu/mainquad/wiebolt.html
"Wieboldt Hall, Room 207","1050 East 59th Street, Chicago, IL",http://maps.uchicago.edu/mainquad/wiebolt.html
"Wieboldt Hall, Room 301","1050 East 59th Street, Chicago, IL",http://maps.uchicago.edu/mainquad/wiebolt.html
"Wieboldt Hall, Room 310 D/E","1050 East 59th Street, Chicago, IL",http://maps.uchicago.edu/mainquad/wiebolt.html
"Wieboldt Hall, Room 408","1050 East 59th Street, Chicago, IL",http://maps.uchicago.edu/mainquad/wiebolt.html
Wilder House,"5811 South Kenwood Avenue, Chicago, IL",http://maps.uchicago.edu/labschool/wilder.html
William Eckhardt Research Center,"5640 S. Ellis Ave, Chicago, IL",https://goo.gl/maps/pQpixZFw9E22
"William Eckhardt Research Center (ERC), 4th Floor KICP Seminar Room","5640 S Ellis Ave, Chicago, IL 60637",http://facilities.uchicago.edu/construction/meb/
William Eckhardt Research Center Lobby,,
William Eckhardt Research Center rooms 161,"5640 S. Ellis Ave, Chicago, IL",https://goo.gl/maps/pQpixZFw9E22
William Eckhardt Research Center rooms 201B,"5640 S. Ellis Ave, Chicago, IL",https://goo.gl/maps/pQpixZFw9E22
William Eckhardt Research Center rooms 301B,"5640 S. Ellis Ave, Chicago, IL",https://goo.gl/maps/pQpixZFw9E22
William Eckhardt Research Center rooms 381,"5640 S. Ellis Ave, Chicago, IL",https://goo.gl/maps/pQpixZFw9E22
Woodlawn Social Service Center Room 052,"950 E. 61st Street, Chicago, IL 60637",https://maps.uchicago.edu/?location=950+East+61st+Street
Woodlawn Social Service Center Room 071,"950 E. 61st Street, Chicago, IL 60637",https://maps.uchicago.edu//location/950-east-61st-street/
Woodlawn Social Service Center Room 345,"950 E. 61st Street, Chicago, IL 60637",https://maps.uchicago.edu//location/950-east-61st-street/
Woodlawn Social Service Center Room 347,"950 E. 61st Street, Chicago, IL 60637",https://maps.uchicago.edu//location/950-east-61st-street/
"Wyler Children's Hospital, Room C078","5839 South Maryland Avenue, Chicago, IL",http://maps.uchicago.edu/westquad/children.html
"Wyler Children's Hospital, Room C400","5839 South Maryland Avenue, Chicago, IL",http://maps.uchicago.edu/westquad/children.html
"Wyler Children's Hospital, Room C507","5839 South Maryland Avenue, Chicago, IL",http://maps.uchicago.edu/westquad/children.html
Young Building,"5555 S. Ellis Ave, Chicago, IL 60637",
Young Memorial Building,"5555 South Ellis Avenue, Chicago, IL",http://maps.uchicago.edu/north/young.html
"Young Memorial Building, Room 106","5555 South Ellis Avenue, Chicago, IL",http://maps.uchicago.edu/north/young.html
"Zoology Building, Lillie Room 212",,https://maps.uchicago.edu/?location=Zoology+Building